DATE,SourceCommonName,Country,ToneScore
2024-01-17 15:45:00,thefrontierpost.com,Afghan,-2.8006589785832
2024-01-17 15:45:00,thisdaylive.com,"Kebbi, Sokoto, Nigeria",2.66666666666667
2024-01-17 15:45:00,thisdaylive.com,"Sokoto, Sokoto, Nigeria",-1.2779552715655
2024-01-17 15:45:00,thisdaylive.com,New Zealand,0.69848661233993
2024-01-17 15:45:00,thisdaylive.com,"Edun, Nigeria (General), Nigeria",2.7060270602706
2024-01-17 15:45:00,wowktv.com,"Alwas, Himachal Pradesh, India",3.5264483627204
2024-01-17 15:45:00,sundayworld.com,"Ardfert, Kerry, Ireland",-5.9593023255814
2024-01-17 15:45:00,rightwingnews.com,"White House, District Of Columbia, United States",-2.92463442069741
2024-01-17 15:45:00,thenewportbuzz.com,"Rhode Island, United States",3.19767441860465
2024-01-17 15:45:00,solarpowerportal.co.uk,"London, London, City Of, United Kingdom",2.88659793814433
2024-01-17 15:45:00,independantexpress.com,Germany,1.58371040723982
2024-01-17 15:45:00,franklinfavorite.com,China,-0.656814449917898
2024-01-17 15:45:00,marketscreener.com,American,0.674157303370786
2024-01-17 15:45:00,marketscreener.com,French,2.80649926144756
2024-01-17 15:45:00,marketscreener.com,"Delaware, United States",-2.04572803850782
2024-01-17 15:45:00,marketscreener.com,"San Diego County, California, United States",0.0
2024-01-17 15:45:00,dnd.com.pk,Pakistan,0.790513833992095
2024-01-17 15:45:00,ibcworldnews.com,"Gaza, Israel (General), Israel",-7.06713780918728
2024-01-17 15:45:00,winknews.com,"Florida, United States",1.60642570281124
2024-01-17 15:45:00,saltwire.com,Chinese,2.51572327044025
2024-01-17 15:45:00,wset.com,"Richmond, Virginia, United States",0.691562932226833
2024-01-17 15:45:00,abcnews4.com,China,-6.72514619883041
2024-01-17 15:45:00,krcgtv.com,Japan,-6.72514619883041
2024-01-17 15:45:00,wcyb.com,United States,-6.72514619883041
2024-01-17 15:45:00,wset.com,China,-6.72514619883041
2024-01-17 15:45:00,uniindia.com,"Telangana, Andhra Pradesh, India",1.30718954248366
2024-01-17 15:45:00,bnnbloomberg.ca,Switzerland,1.64533820840951
2024-01-17 15:45:00,bnnbloomberg.ca,"Utah, United States",0.684931506849315
2024-01-17 15:45:00,bnnbloomberg.ca,"Texas, United States",-1.18063754427391
2024-01-17 15:45:00,prnewswire.com,Greek,9.39393939393939
2024-01-17 15:45:00,streetinsider.com,United States,2.51889168765743
2024-01-17 15:45:00,streetinsider.com,United States,2.90055248618785
2024-01-17 15:45:00,parkrapidsenterprise.com,"South Dakota State University, South Dakota, United States",-0.673724735322425
2024-01-17 15:45:00,movieweb.com,Spain,-0.158856235107228
2024-01-17 15:45:00,yahoo.com,"Columbus, Ohio, United States",-7.91476407914764
2024-01-17 15:45:00,prnewswire.com,United States,4.51488952929875
2024-01-17 15:45:00,lelezard.com,Israel,1.43581081081081
2024-01-17 15:45:00,streetinsider.com,Austria,1.48075024679171
2024-01-17 15:45:00,atlanticcouncil.org,Chinese,-2.32743186791327
2024-01-17 15:45:00,news-gazette.com,Israeli,-3.420523138833
2024-01-17 15:45:00,aspendailynews.com,Spain,-3.420523138833
2024-01-17 15:45:00,wacotrib.com,"California, United States",-0.578034682080925
2024-01-17 15:45:00,wbur.org,"Cape May, New Jersey, United States",-1.20675784392599
2024-01-17 15:45:00,jalopnik.com,"New York, United States",-0.540123456790123
2024-01-17 15:45:00,streetsblog.org,"California, United States",-0.112485939257593
2024-01-17 15:45:00,wbur.org,"Harwich, Massachusetts, United States",-0.847457627118644
2024-01-17 15:45:00,multiplesclerosisnewstoday.com,Canada,-1.3215859030837
2024-01-17 15:45:00,cryptonews.com,Switzerland,1.74520069808028
2024-01-17 15:45:00,yahoo.com,Russia,-0.790513833992095
2024-01-17 15:45:00,lutontoday.co.uk,"Harlington, Doncaster, United Kingdom",3.52941176470588
2024-01-17 15:45:00,yahoo.com,"New York, United States",0.337268128161889
2024-01-17 15:45:00,indianexpress.com,"Delhi, Delhi, India",-1.91082802547771
2024-01-17 15:45:00,erienewsnow.com,United States,-0.316957210776545
2024-01-17 15:45:00,iranfocus.com,Germany,-2.16110019646365
2024-01-17 15:45:00,mmm-online.com,"Michigan, United States",-0.158102766798419
2024-01-17 15:45:00,businessinsider.com,Ukraine,-5.33333333333333
2024-01-17 15:45:00,straight.com,Canadians,0.890207715133531
2024-01-17 15:45:00,fox17online.com,"Michigan, United States",0.738007380073801
2024-01-17 15:45:00,aspendailynews.com,"Great Salt Lake, Utah, United States",-0.134952766531714
2024-01-17 15:45:00,yahoo.com,"White House, District Of Columbia, United States",-2.18253968253968
2024-01-17 15:45:00,yahoo.com,United States,2.64900662251656
2024-01-17 15:45:00,theglobeandmail.com,Israeli,-3.34685598377282
2024-01-17 15:45:00,carlow-nationalist.ie,"Calluragh, Galway, Ireland",-5.81395348837209
2024-01-17 15:45:00,westernpeople.ie,"Kilfenora, Kerry, Ireland",-5.81395348837209
2024-01-17 15:45:00,heartfm.ca,"Oxford County, Ontario, Canada",-0.374531835205993
2024-01-17 15:45:00,click2houston.com,"Houston, Texas, United States",0.411861614497529
2024-01-17 15:45:00,tribuneindia.com,"Mohali, Madhya Pradesh, India",-3.74531835205993
2024-01-17 15:45:00,nawindpower.com,Estonia,5.79710144927536
2024-01-17 15:45:00,rhyljournal.co.uk,"Rhyl, Denbighshire, United Kingdom",0.242718446601942
2024-01-17 15:45:00,thediplomat.ro,Czech Republic,2.1523178807947
2024-01-17 15:45:00,express.co.uk,United Kingdom,2.55102040816327
2024-01-17 15:45:00,wallstreet-online.de,"California, United States",5.48302872062663
2024-01-17 15:45:00,streetinsider.com,United States,1.84287099903007
2024-01-17 15:45:00,iol.co.za,"Red Hill, Free State, South Africa",-4.24403183023873
2024-01-17 15:45:00,965kvki.com,"Fort Worth, Texas, United States",-3.35429769392034
2024-01-17 15:45:00,nevadacurrent.com,"Nevada, United States",-3.55648535564854
2024-01-17 15:45:00,newcivilengineer.com,United Kingdom,-2.72148233931673
2024-01-17 15:45:00,somdnews.com,"Maryland, United States",0.675675675675675
2024-01-17 15:45:00,iheart.com,"Miami, Florida, United States",0.0
2024-01-17 15:45:00,iheart.com,"Miami, Florida, United States",0.0
2024-01-17 15:45:00,theartnewspaper.com,"New York, United States",1.83982683982684
2024-01-17 15:45:00,gazette.com,"Wichita, Kansas, United States",-0.920245398773006
2024-01-17 15:45:00,thecable.ng,Nigeria,2.77889649617398
2024-01-17 15:45:00,thehindu.com,"Kerala, Kerala, India",0.0
2024-01-17 15:45:00,rhyljournal.co.uk,"Denbighshire, Denbighshire, United Kingdom",2.24215246636771
2024-01-17 15:45:00,thehindu.com,"Karnataka, Karnataka, India",-2.06896551724138
2024-01-17 15:45:00,saudigazette.com.sa,"Bangkok, Krung Thep Mahanakhon, Thailand",-5.02392344497608
2024-01-17 15:45:00,thehindu.com,"Bengaluru, Karnataka, India",-3.08219178082192
2024-01-17 15:45:00,thehindu.com,"Thiruvananthapuram, Kerala, India",0.623052959501558
2024-01-17 15:45:00,bostonglobe.com,Canadian,0.362756952841596
2024-01-17 15:45:00,thehindu.com,"Mahuli, Uttar Pradesh, India",-4.93096646942801
2024-01-17 15:45:00,euronews.com,Germany,1.7426273458445
2024-01-17 15:45:00,www.gov.cn,China,5.42797494780793
2024-01-17 15:45:00,thediplomat.ro,Romania,2.12765957446809
2024-01-17 15:45:00,interfax.com,Austria,-1.62907268170426
2024-01-17 15:45:00,hotelmanagement.net,"Laguardia Airport, New York, United States",0.169635284139101
2024-01-17 15:45:00,thewhig.com,"Ottawa, Ontario, Canada",0.49808429118774
2024-01-17 15:45:00,chinaview.cn,"Oslo, Oslo, Norway",-4.375
2024-01-17 15:45:00,streetinsider.com,China,-2.4390243902439
2024-01-17 15:45:00,wionews.com,"Hwange, Zimbabwe (General), Zimbabwe",-11.8320610687023
2024-01-17 15:45:00,abcnews4.com,"Berkeley, California, United States",-1.86915887850467
2024-01-17 15:45:00,newcivilengineer.com,United Kingdom,2.56410256410256
2024-01-17 15:45:00,westernpeople.ie,Ireland,0.331125827814569
2024-01-17 15:45:00,calgary.ctvnews.ca,Canada,-2.66666666666667
2024-01-17 15:45:00,savannahtribune.com,"Chatham County, Georgia, United States",0.934579439252336
2024-01-17 15:45:00,1630kcjj.com,"Johnson County, Iowa, United States",-0.636942675159236
2024-01-17 15:45:00,swag1049.com,Portugal,-1.67785234899329
2024-01-17 15:45:00,themarketsdaily.com,America,2.05128205128205
2024-01-17 15:45:00,wkrb13.com,"Texas, United States",2.05128205128205
2024-01-17 15:45:00,channelweb.co.uk,"Oslo, Oslo, Norway",4.1522491349481
2024-01-17 15:45:00,expertreviews.co.uk,United Kingdom,0.957243139757499
2024-01-17 15:45:00,streetinsider.com,"Cincinnati, Ohio, United States",-0.944138473642801
2024-01-17 15:45:00,newcivilengineer.com,"London, London, City Of, United Kingdom",1.34589502018843
2024-01-17 15:45:00,wallstreet-online.de,America,7.05394190871369
2024-01-17 15:45:00,naharnet.com,Germany,-6.57894736842105
2024-01-17 15:45:00,english.news.cn,Chinese,1.74966352624495
2024-01-17 15:45:00,streetinsider.com,"Washington, Washington, United States",0.123076923076923
2024-01-18 16:45:00,boursier.com,France,-0.726392251815981
2024-01-18 16:45:00,boursier.com,"Brussels, Bruxelles-Capitale, Belgium",1.42857142857143
2024-01-18 16:45:00,boursorama.com,German,-1.92616372391653
2024-01-18 16:45:00,boursier.com,France,0.613496932515337
2024-01-18 16:45:00,boursier.com,"California, United States",0.49730625777041
2024-01-18 16:45:00,albawabhnews.com,"Bulaq Ad Dakrur, Al Jizah, Egypt",-8.65139949109415
2024-01-18 16:45:00,albawabhnews.com,"Cairo, Al Qahirah, Egypt",2.46478873239437
2024-01-18 16:45:00,news.yam.md,Moldova,6.41025641025641
2024-01-18 16:45:00,news.yam.md,"Chisinau, Chisinau, Moldova",8.45070422535211
2024-01-18 16:45:00,news.yam.md,Moldova,7.2463768115942
2024-01-18 16:45:00,bemparana.com.br,Brazil,1.68067226890756
2024-01-18 16:45:00,bemparana.com.br,"Paraibuna, SãPaulo, Brazil",-5.88235294117647
2024-01-18 16:45:00,faxaju.com.br,Brazil,2.84191829484902
2024-01-18 16:45:00,nrc.nl,France,-1.52859960552268
2024-01-18 16:45:00,quotidianodifoggia.it,Italy,5.17241379310345
2024-01-18 16:45:00,quotidianodifoggia.it,"Rome, Lazio, Italy",-5.50387596899225
2024-01-18 16:45:00,quotidianodifoggia.it,Italy,2.92397660818713
2024-01-18 16:45:00,quotidianodifoggia.it,Italy,0.849256900212315
2024-01-18 16:45:00,iltirreno.it,"Milan, Lombardia, Italy",-2.76073619631902
2024-01-18 16:45:00,manfredonianews.it,Turkey,-4.89296636085627
2024-01-18 16:45:00,quotidianodifoggia.it,"Rome, Lazio, Italy",-4.05405405405405
2024-01-18 16:45:00,banki31.ru,"Belgorod, Belgorodskaya Oblast', Russia",-0.728862973760933
2024-01-18 16:45:00,rkm.kiev.ua,"Vinnitsa, Vinnyts'ka Oblast', Ukraine",-1.12226816302422
2024-01-18 16:45:00,rkm.kiev.ua,"Lutsk, Volyns'ka Oblast', Ukraine",-3.78874856486797
2024-01-18 16:45:00,rostov.kp.ru,"Mytishchi, Moskovskaya Oblast', Russia",6.19469026548673
2024-01-18 16:45:00,kafanews.com,"Feodosia, Krym, Avtonomna Respublika, Ukraine",-2.65486725663717
2024-01-18 16:45:00,tz.de,German,-0.251889168765743
2024-01-18 16:45:00,ccma.cat,Spain,-1.57273918741809
2024-01-18 16:45:00,farmer.com.cn,"Yanjin, Hainan, China",5.13409961685824
2024-01-18 16:45:00,gxnews.com.cn,"Guangxi, Guangxi, China",5.85106382978723
2024-01-18 16:45:00,gxnews.com.cn,"Weili, Jiangxi, China",11.3488372093023
2024-01-18 16:45:00,farmer.com.cn,Hong Kong,4.42477876106195
2024-01-18 16:45:00,gxnews.com.cn,Chinese,2.52403846153846
2024-01-18 16:45:00,farmer.com.cn,China,1.37693631669535
2024-01-18 16:45:00,gxnews.com.cn,"Rayong, Rayong, Thailand",2.75807722616233
2024-01-18 16:45:00,bjnews.com.cn,"Weidong, Anhui, China",-3.29847144006436
2024-01-18 16:45:00,gxnews.com.cn,Chinese,-5.33672172808132
2024-01-18 16:45:00,farmer.com.cn,Fiji,2.80847145488029
2024-01-18 16:45:00,farmer.com.cn,Vietnam,5.45229244114002
2024-01-18 16:45:00,qhrb.com.cn,"Shanghai, Shanghai, China",-1.78419711129991
2024-01-18 16:45:00,samanyoluhaber.com,Azerbaijan,-5.2158273381295
2024-01-18 16:45:00,infotag.md,Japan,7.23981900452489
2024-01-18 16:45:00,ihalla.com,"Cheju, Cheju-Do, South Korea",2.61780104712042
2024-01-18 16:45:00,psuv.org.ve,Venezuela,2.67062314540059
2024-01-18 16:45:00,alsahwa-yemen.net,"Washington, United States",-2.97029702970297
2024-01-18 16:45:00,alsahwa-yemen.net,"Nile, Washington, United States",-2.97029702970297
2024-01-18 16:45:00,anroca.com.ar,Argentina,-2.92553191489362
2024-01-18 16:45:00,anroca.com.ar,"Rio Negro, Jujuy, Argentina",0.0
2024-01-18 16:45:00,anroca.com.ar,Antarctica,-4.39882697947214
2024-01-18 16:45:00,kompas.com,"Jakarta, Jakarta Raya, Indonesia",-2.18181818181818
2024-01-18 16:45:00,athina984.gr,Greek,-3.77019748653501
2024-01-18 16:45:00,barilocheopina.com,"Bariloche, Provincia De Rio Negro, Argentina",0.746268656716418
2024-01-18 16:45:00,berliner-zeitung.de,Germany,-2.49110320284698
2024-01-18 16:45:00,berliner-zeitung.de,"Berlin, Berlin, Germany",-1.73913043478261
2024-01-18 16:45:00,petrotimes.vn,Vietnam,0.0
2024-01-18 16:45:00,tass.ru,Russia,0.649350649350649
2024-01-18 16:45:00,antaranews.com,"Jakarta, Jakarta Raya, Indonesia",-8.15450643776824
2024-01-18 16:45:00,jornaldebrasilia.com.br,"Brasilia, Distrito Federal, Brazil",0.959232613908873
2024-01-18 16:45:00,magyarnemzet.hu,United States,-1.57728706624606
2024-01-18 16:45:00,europasur.es,"Cadiz, AndalucíSp, Spain",1.17416829745597
2024-01-18 16:45:00,sputniknewsbr.com.br,Finland,0.0
2024-01-18 16:45:00,parlamentnilisty.cz,Czech,5.69948186528497
2024-01-18 16:45:00,zdnet.fr,French,0.985221674876847
2024-01-18 16:45:00,pulzo.com,Mexican,-3.28467153284672
2024-01-18 16:45:00,gazzetta.it,"Milan, Lombardia, Italy",4.88888888888889
2024-01-18 16:45:00,rtbf.be,Belgium,0.961538461538462
2024-01-18 16:45:00,eju.tv,Bolivia,-4.20168067226891
2024-01-18 16:45:00,haberler.com,"Phoenix, Arizona, United States",0.462249614791987
2024-01-18 16:45:00,haberler.com,"Launch Complex, Florida, United States",-0.171232876712329
2024-01-18 16:45:00,gondola.hu,"Illinois, United States",0.967784701047328
2024-01-18 16:45:00,burgas24.bg,Indonesia,3.33333333333333
2024-01-18 16:45:00,burgas24.bg,Bulgaria,1.05263157894737
2024-01-18 16:45:00,burgas24.bg,"Ahtopol, Burgas, Bulgaria",0.0
2024-01-18 16:45:00,burgas24.bg,"Burgas, Burgas, Bulgaria",2.29885057471264
2024-01-18 16:45:00,plovdiv24.bg,"Plovdiv, Plovdiv, Bulgaria",2.24719101123596
2024-01-18 16:45:00,leconomistemaghrebin.com,Qatar,-9.19540229885057
2024-01-18 16:45:00,20minutos.es,Spanish,-1.21130551816958
2024-01-18 16:45:00,diariodelaltoaragon.es,Spain,-2.05479452054795
2024-01-18 16:45:00,beyazgazete.com,"Karabuk Universitesi, Karabü90, Turkey",3.46820809248555
2024-01-18 16:45:00,flevopost.nl,"Lelystad, Flevoland, Netherlands",4.0
2024-01-18 16:45:00,ksta.de,Ukraine,-5.05529225908373
2024-01-18 16:45:00,ksta.de,"Ossendorf, Brandenburg, Germany",-3.1404958677686
2024-01-18 16:45:00,midilibre.fr,Ukrainian,0.319488817891374
2024-01-18 16:45:00,solopos.com,"Sekarputih, Jawa Timur, Indonesia",-5.88235294117647
2024-01-18 16:45:00,walla.co.il,Israel,-2.97029702970297
2024-01-18 16:45:00,sydostran.se,Swedish,-2.98769771528998
2024-01-18 16:45:00,dnes.bg,Russian,-2.6431718061674
2024-01-18 16:45:00,20minutes.fr,"Paris, France (General), France",-9.16030534351145
2024-01-18 16:45:00,aktuality.sk,United Kingdom,1.34680134680135
2024-01-18 16:45:00,europapress.es,Suede,-1.04529616724739
2024-01-18 16:45:00,europapress.es,"Valencia, Carabobo, Venezuela",-1.65137614678899
2024-01-18 16:45:00,lamontagne.fr,"Auvergne, Haute-Normandie, France",0.949367088607595
2024-01-18 16:45:00,leberry.fr,"Loiret, Centre, France",-4.10958904109589
2024-01-18 16:45:00,leberry.fr,France,-1.48148148148148
2024-01-18 16:45:00,soutalomma.com,Mexico,-7.18157181571816
2024-01-18 16:45:00,morgenpost.de,"Brussels, Bruxelles-Capitale, Belgium",-3.49462365591398
2024-01-18 16:45:00,harzkurier.de,"Brussels, Bruxelles-Capitale, Belgium",-3.49462365591398
2024-01-18 16:45:00,vz.ru,Russia,1.27167630057804
2024-01-18 16:45:00,beritasatu.com,"Jakarta, Jakarta Raya, Indonesia",8.75486381322957
2024-01-18 16:45:00,beritasatu.com,"Jakarta, Jakarta Raya, Indonesia",-3.24675324675325
2024-01-18 16:45:00,iraqakhbar.com,Iraq,-2.11267605633803
2024-01-18 16:45:00,maliactu.net,"Togola, SéU, Mali",-1.34408602150538
2024-01-18 16:45:00,elmostrador.cl,Libyan,-3.73376623376623
2024-01-18 16:45:00,gazetadopovo.com.br,Brazilian,-4.18502202643172
2024-01-18 16:45:00,gazetadopovo.com.br,Canada,-4.03846153846154
2024-01-18 16:45:00,sudouest.fr,France,-0.14992503748126
2024-01-18 16:45:00,sudouest.fr,"Poitiers, Poitou-Charentes, France",-3.65853658536585
2024-01-18 16:45:00,rt.com,Egyptian,-4.8
2024-01-18 16:45:00,pch24.pl,"London, London, City Of, United Kingdom",-5.85009140767825
2024-01-18 16:45:00,tf1info.fr,Norway,-2.62008733624454
2024-01-18 16:45:00,primicia.com.ve,"Guiana, Venezuela (General), Venezuela",-5.01392757660167
2024-01-18 16:45:00,elchubut.com.ar,Suede,-0.531914893617021
2024-01-18 16:45:00,lanacion.com.ar,"Rio Negro, Jujuy, Argentina",-3.09789343246592
2024-01-18 16:45:00,lanacion.com.ar,Suede,0.576368876080692
2024-01-18 16:45:00,lanacion.com.ar,"Buenos Aires, Distrito Federal, Argentina",-2.05479452054795
2024-01-18 16:45:00,trojmiasto.pl,Polish,-3.24324324324324
2024-01-18 16:45:00,france24.com,"Moscow, Moskva, Russia",-2.24358974358974
2024-01-18 16:45:00,eleconomista.es,"Valencia, Carabobo, Venezuela",-1.64533820840951
2024-01-18 16:45:00,eleconomista.es,"Valencia, Carabobo, Venezuela",-0.285714285714286
2024-01-18 16:45:00,sevastopol.su,"Pereyaslav, Kyyivs'ka Oblast', Ukraine",3.9344262295082
2024-01-18 16:45:00,expressen.se,Estonia,-2.37154150197629
2024-01-18 16:45:00,haberhurriyeti.com,"Manisa, Manisa, Turkey",11.9904076738609
2024-01-18 16:45:00,latribune.fr,"Washington, Washington, United States",-4.38095238095238
2024-01-18 16:45:00,life.ru,"Moscow, Moskva, Russia",-1.58730158730159
2024-01-18 16:45:00,life.ru,Russia,1.28410914927769
2024-01-18 16:45:00,lsm.lv,"Raksti, Dundagas Novads, Latvia",-0.518134715025908
2024-01-18 16:45:00,lsm.lv,China,-0.321285140562249
2024-01-18 16:45:00,tiempo.com.mx,"Juarez, MéCo, Mexico",-0.459770114942529
2024-01-18 16:45:00,ukrinform.ua,Ukrainian,0.706713780918728
2024-01-18 16:45:00,stepagency-sy.net,Somalia,-4.21545667447307
2024-01-18 16:45:00,styknews.info,Russia,-3.91517128874388
2024-01-18 16:45:00,tn.com.ar,Peru,0.923076923076923
2024-01-18 16:45:00,tumentoday.ru,"Tyumen, Tyumenskaya Oblast', Russia",-8.10810810810811
2024-01-18 16:45:00,noticierovenevision.net,Venezuelan,-1.25
2024-01-18 16:45:00,news.bg,"Sofia, Sofiya-Grad, Bulgaria",-3.58490566037736
2024-01-18 16:45:00,news.bg,Bulgaria,1.41242937853107
2024-01-18 16:45:00,kadry.infor.pl,"Kyiv, Kyyiv, Misto, Ukraine",-0.324149108589951
2024-01-18 16:45:00,1in.am,Thailand,-4.11764705882353
2024-01-18 16:45:00,arthosuchak.com,Bangladesh,-3.2183908045977
2024-01-18 16:45:00,bursa.com,"Karabuk Universitesi, Karabü90, Turkey",1.92307692307692
2024-01-18 16:45:00,businessnews.gr,"Perifereia Attikis, Perifereia Attikis, Greece",1.56862745098039
2024-01-18 16:45:00,businessnews.gr,Spain,-2.24246671338472
2024-01-18 16:45:00,cesenatoday.it,"Rimini, Emilia-Romagna, Italy",3.49462365591398
2024-01-18 16:45:00,corrieresalentino.it,Italy,-5.23809523809524
2024-01-18 16:45:00,danas.rs,German,-6.6006600660066
2024-01-18 16:45:00,diariojunio.com.ar,Soviet,-2.33029381965552
2024-01-18 16:45:00,eunews.it,Hungarian,1.00791936645068
2024-01-18 16:45:00,huffingtonpost.it,Italy,1.63265306122449
2024-01-18 16:45:00,ilmonferrato.it,France,0.821917808219178
2024-01-18 16:45:00,imolaoggi.it,Italy,2.5974025974026
2024-01-18 16:45:00,intermedia.ru,"Demidov, Saratovskaya Oblast', Russia",5.00963391136802
2024-01-18 16:45:00,intermedia.ru,Russia,5.75815738963532
2024-01-18 16:45:00,intermedia.ru,Russia,5.23255813953488
2024-01-18 16:45:00,leconomiste.com,Morocco,3.7593984962406
2024-01-18 16:45:00,libyaakhbar.com,"Cairo, Al Qahirah, Egypt",2.29885057471264
2024-01-18 16:45:00,m24.ru,Cyprus,-3.93258426966292
2024-01-18 16:45:00,makthes.gr,Greece,0.595238095238095
2024-01-18 16:45:00,makthes.gr,"Katerini, Perifereia Kentrikis Makedonias, Greece",0.621118012422361
2024-01-18 16:45:00,meridiananotizie.it,Italy,2.9940119760479
2024-01-18 16:45:00,middle-east-online.com,"Alaska, United States",-3.21782178217822
2024-01-18 16:45:00,nacional.hr,Croatian,-7.40740740740741
2024-01-18 16:45:00,neuepresse.de,Austria,-1.83066361556064
2024-01-18 16:45:00,newsbeast.gr,"Eretria, Perifereia Thessalias, Greece",-4.14993306559572
2024-01-18 16:45:00,newsbeast.gr,German,-1.26050420168067
2024-01-18 16:45:00,novosti.rs,"Batajnica, 00, Serbia",5.01567398119122
2024-01-18 16:45:00,ogunhaber.com,Turkey,2.65486725663717
2024-01-18 16:45:00,piatafinanciara.ro,Romania,2.25035161744022
2024-01-18 16:45:00,rbc.ua,Ukraine,0.696055684454756
2024-01-18 16:45:00,rbc.ua,Ukraine,-4.82315112540193
2024-01-18 16:45:00,huffingtonpost.it,Italian,-4.12465627864345
2024-01-18 16:45:00,rfa.org,Sweden,-0.886339937434828
2024-01-18 16:45:00,ridus.ru,"Berkeley, California, United States",0.614754098360656
2024-01-18 16:45:00,ruhrnachrichten.de,Germany,-3.54223433242507
2024-01-18 16:45:00,slobodna-bosna.ba,Russia,-5.29100529100529
2024-01-18 16:45:00,sn-online.de,Austria,-1.83066361556064
2024-01-18 16:45:00,tagesspiegel.de,"Berlin, Berlin, Germany",-2.85714285714286
2024-01-18 16:45:00,tagesspiegel.de,German,-2.61780104712042
2024-01-18 16:45:00,taxydromos.gr,"Adelaide, South Australia, Australia",2.08333333333333
2024-01-18 16:45:00,umbria24.it,"Terni, Umbria, Italy",3.27380952380952
2024-01-18 16:45:00,zdnet.fr,United States,0.444444444444445
2024-01-18 16:45:00,ziuaconstanta.ro,Romania,-0.425531914893617
2024-01-18 16:45:00,zvw.de,Iraq,1.13207547169811
2024-01-18 16:45:00,zvw.de,"Brussels, Bruxelles-Capitale, Belgium",-2.60869565217391
2024-01-18 16:45:00,zakordon.24tv.ua,"Berlin, Berlin, Germany",-2.56410256410256
2024-01-18 16:45:00,boursorama.com,France,-3.3096926713948
2024-01-18 16:45:00,lalibre.be,"Wallonia, Waals Gewest, Belgium",2.28758169934641
2024-01-18 16:45:00,lalibre.be,Belgium,3.53535353535354
2024-01-18 16:45:00,farmer.com.cn,Bahrain,5.61555075593953
2024-01-18 16:45:00,51.ca,Canadian,-1.36986301369863
2024-01-18 16:45:00,farmer.com.cn,China,-2.24299065420561
2024-01-18 16:45:00,china.com,"Beijing, Beijing, China",3.59281437125749
2024-01-18 16:45:00,globalist.it,"Rome, Lazio, Italy",-2.29419703103914
2024-01-18 16:45:00,e15.cz,Estonia,-1.875
2024-01-18 16:45:00,pardaphash.com,"Tamil Nadu, Tamil Nadu, India",-3.06748466257669
2024-01-18 16:45:00,nauka.tass.ru,Germany,-6.282722513089
2024-01-18 16:45:00,antaranews.com,Indonesia,0.255754475703325
2024-01-18 16:45:00,magyarnemzet.hu,Hungary,-0.601202404809619
2024-01-18 16:45:00,bratislavskenoviny.sk,"Bratislava, Bratislavsky Kraj, Slovak Republic",-2.31023102310231
2024-01-18 16:45:00,pulzo.com,"Bogota, Cundinamarca, Colombia",-4.47284345047923
2024-01-18 16:45:00,dailyausaf.com,"Munich, Bayern, Germany",1.19402985074627
2024-01-18 16:45:00,dailyausaf.com,Mali,-4.31034482758621
2024-01-18 16:45:00,rtbf.be,Spain,-6.07476635514019
2024-01-18 16:45:00,denik.cz,"Rajske, Plzenský, Czech Republic",-3.42342342342342
2024-01-18 16:45:00,charter97.org,"Reshetnikov, Krasnodarskiy Kray, Russia",-1.51515151515151
2024-01-18 16:45:00,lansi-savo.fi,"Helsinki, EteläUomen LäI, Finland",-5.22875816993464
2024-01-18 16:45:00,kymensanomat.fi,"Helsinki, EteläUomen LäI, Finland",-5.22875816993464
2024-01-18 16:45:00,kouvolansanomat.fi,"Helsinki, EteläUomen LäI, Finland",-5.22875816993464
2024-01-18 16:45:00,hameensanomat.fi,"Helsinki, EteläUomen LäI, Finland",-5.22875816993464
2024-01-18 16:45:00,ilsole24ore.com,French,-0.573613766730401
2024-01-18 16:45:00,nrc.nl,Dutch,-1.82608695652174
2024-01-18 16:45:00,nrc.nl,American,-0.140845070422535
2024-01-18 16:45:00,lamontagne.fr,"Rhone, France (General), France",-1.64835164835165
2024-01-18 16:45:00,leberry.fr,Chinese,-2.23463687150838
2024-01-18 16:45:00,pnp.de,"Passau, Bayern, Germany",-3.26086956521739
2024-01-18 16:45:00,fedpress.ru,Russian,1.22950819672131
2024-01-18 16:45:00,twentefm.nl,"Hengelo, Gelderland, Netherlands",-0.802568218298555
2024-01-18 16:45:00,sudouest.fr,France,4.07766990291262
2024-01-18 16:45:00,sudouest.fr,French,4.07766990291262
2024-01-18 16:45:00,men.24tv.ua,"Vinnitsa, Vinnyts'ka Oblast', Ukraine",2.38095238095238
2024-01-18 16:45:00,naukawpolsce.pl,Polish,0.387596899224806
2024-01-18 16:45:00,quo.mx,Antarctica,-0.823045267489712
2024-01-18 16:45:00,lachainemeteo.com,"Ardennes, Auvergne, France",0.0
2024-01-18 16:45:00,ilgazzettino.it,Sweden,-0.195694716242661
2024-01-18 16:45:00,ilgazzettino.it,Sweden,-0.195694716242661
2024-01-18 16:45:00,ilgazzettino.it,"Rome, Lazio, Italy",2.14132762312634
2024-01-18 16:45:00,ilgazzettino.it,Italy,2.14132762312634
2024-01-18 16:45:00,wiadomosci.wp.pl,"Suwalki, Podlaskie, Poland",-0.892857142857143
2024-01-18 16:45:00,ansa.it,Pakistan,0.735294117647058
2024-01-18 16:45:00,ansa.it,"Reggio Emilia, Emilia-Romagna, Italy",-5.47445255474453
2024-01-18 16:45:00,avvenire.it,Italian,1.88679245283019
2024-01-18 16:45:00,cronista.com,Argentina,1.45454545454545
2024-01-18 16:45:00,cronista.com,Uruguay,-2.05479452054795
2024-01-18 16:45:00,dayitalianews.com,Italian,3.33333333333333
2024-01-18 16:45:00,hispanidad.com,Spain,-3.91304347826087
2024-01-18 16:45:00,zazoom.it,"Rome, Lazio, Italy",4.31654676258993
2024-01-18 16:45:00,klix.ba,"London, London, City Of, United Kingdom",1.33333333333333
2024-01-18 16:45:00,laleggepertutti.it,"Veneto, Veneto, Italy",-1.96078431372549
2024-01-18 16:45:00,lalibre.be,Swedish,2.98507462686567
2024-01-18 16:45:00,lametino.it,"Rome, Lazio, Italy",-1.96335078534031
2024-01-18 16:45:00,lametino.it,"Fiesole, Toscana, Italy",2.8735632183908
2024-01-18 16:45:00,lcp.fr,France,-1.66666666666667
2024-01-18 16:45:00,liga.net,Antarctica,-2.53164556962025
2024-01-18 16:45:00,rbc.ua,"Akinci, Siirt, Turkey",0.543478260869565
2024-01-18 16:45:00,huffingtonpost.it,"Washington, Washington, United States",-2.93724966622163
2024-01-18 16:45:00,securitylab.ru,Poland,-5.22088353413655
2024-01-18 16:45:00,usine-digitale.fr,"London, London, City Of, United Kingdom",6.28019323671498
2024-01-18 16:45:00,zurnal24.si,"Ljubljana, Slovenia (General), Slovenia",0.798934753661784
2024-01-18 16:45:00,zvw.de,"Ludwigsburg, Sachsen, Germany",0.490196078431372
2024-01-23 15:00:00,163.com,"Shanghai, Shanghai, China",2.20883534136546
2024-01-23 15:00:00,20minutes.fr,Spain,2.84900284900285
2024-01-23 15:00:00,20minutos.es,Suede,-5.95611285266458
2024-01-23 15:00:00,21xc.com,China,7.2992700729927
2024-01-23 15:00:00,21xc.com,"Xuchang, Henan, China",-1.87713310580205
2024-01-23 15:00:00,21xc.com,Chinese,6.48648648648649
2024-01-23 15:00:00,21xc.com,"Shanghai, Shanghai, China",1.5411973918198
2024-01-23 15:00:00,365.com.mk,Greece,-3.59281437125748
2024-01-23 15:00:00,abc.az,"Shirvan, Agsu, Azerbaijan",-7.85714285714286
2024-01-23 15:00:00,adnsureste.info,"Queretaro, QueréRo De Arteaga, Mexico",-1.1015911872705
2024-01-23 15:00:00,aktifhaber.com,"Sanliurfa, Sanliurfa, Turkey",2.56410256410256
2024-01-23 15:00:00,arabic.news.cn,Russian,3.05444887118194
2024-01-23 15:00:00,arabnet5.com,Egypt,2.51046025104602
2024-01-23 15:00:00,arbetaren.se,Swedish,-4.32551319648094
2024-01-23 15:00:00,ardahanhaberi.com,"Istanbul, Istanbul, Turkey",5.66037735849057
2024-01-23 15:00:00,arthosuchak.com,Bangladesh,4.58452722063037
2024-01-23 15:00:00,autoreview.ru,Chinese,1.21065375302663
2024-01-23 15:00:00,banglanews24.com,Bangladesh,5.93607305936073
2024-01-23 15:00:00,baogiaothong.vn,"Hanoi, Ha N?I, Vietnam, Republic Of",-0.469483568075117
2024-01-23 15:00:00,baomoi.com,"Hanoi, Ha N?I, Vietnam, Republic Of",-4.16666666666667
2024-01-23 15:00:00,bd-pratidin.com,Saudi,3.7037037037037
2024-01-23 15:00:00,botasot.info,"Elbasani, Qarku Elbasan, Albania",-3.49127182044888
2024-01-23 15:00:00,burgenland.orf.at,Hungarian,-4.89510489510489
2024-01-23 15:00:00,cesenatoday.it,"Fiumicino, Emilia-Romagna, Italy",-2.26537216828479
2024-01-23 15:00:00,comnews.ru,Russian,1.86170212765957
2024-01-23 15:00:00,corp.cnews.ru,Russia,1.65094339622642
2024-01-23 15:00:00,corp.cnews.ru,Russia,2.26570545829042
2024-01-23 15:00:00,corriereadriatico.it,Italian,-4.50928381962865
2024-01-23 15:00:00,corrierecomunicazioni.it,Ukraine,0.54054054054054
2024-01-23 15:00:00,dampress.net,"White House, District Of Columbia, United States",-1.66666666666667
2024-01-23 15:00:00,derbund.ch,"Zurich, ZüSz, Switzerland",-1.82815356489945
2024-01-23 15:00:00,descifrado.com,Trinidad,0.857142857142858
2024-01-23 15:00:00,dewezet.de,Germany,-9.20745920745921
2024-01-23 15:00:00,dewezet.de,France,-7.79220779220779
2024-01-23 15:00:00,diariocolatino.com,Suede,2.97927461139896
2024-01-23 15:00:00,diariodeburgos.es,Belgium,-0.329489291598023
2024-01-23 15:00:00,dorzeczy.pl,Polish,3.19488817891374
2024-01-23 15:00:00,easybourse.com,"Decatur, New York, United States",-1.77133655394525
2024-01-23 15:00:00,el-balad.com,Egyptian,4.54545454545455
2024-01-23 15:00:00,ellitoral.com.ar,Colombia,6.19047619047619
2024-01-23 15:00:00,estrategiasdeinversion.com,Finnish,3.7037037037037
2024-01-23 15:00:00,ettoday.net,China,-4.87804878048781
2024-01-23 15:00:00,fai.informazione.it,Dutch,-4.23529411764706
2024-01-23 15:00:00,farmer.pl,Ukraine,-1.82692307692308
2024-01-23 15:00:00,faz.net,"Deidesheim, Rheinland-Pfalz, Germany",1.24223602484472
2024-01-23 15:00:00,faz.net,Brazil,-0.576368876080692
2024-01-23 15:00:00,finanznachrichten.de,Canadian,-0.517464424320828
2024-01-23 15:00:00,fjsen.com,"Pucheng, Henan, China",-2.13270142180095
2024-01-23 15:00:00,fjsen.com,Chinese,6.52173913043478
2024-01-23 15:00:00,fjsen.com,"Tianjin, Tianjin, China",1.55875299760192
2024-01-23 15:00:00,fjsen.com,"Jinshan, Sichuan, China",5.26315789473684
2024-01-23 15:00:00,focus-news.net,"Black Sea, Oceans (General), Oceans",-2.09205020920502
2024-01-23 15:00:00,focus-news.net,"Black Sea, Oceans (General), Oceans",-2.09205020920502
2024-01-23 15:00:00,gazzettadasti.it,"Alexandria, Al Iskandariyah, Egypt",4.20875420875421
2024-01-23 15:00:00,gercekgundem.com,Turkey,-2.98353909465021
2024-01-23 15:00:00,gmx.at,Czech Republic,-6.95266272189349
2024-01-23 15:00:00,goettinger-tageblatt.de,French,-7.79220779220779
2024-01-23 15:00:00,haberx.com,"Yildirim Beyazit, Ankara, Turkey",-2.51046025104602
2024-01-23 15:00:00,haberx.com,"Eski, Adiyaman, Turkey",0.0
2024-01-23 15:00:00,haberx.com,"Eski, Adiyaman, Turkey",0.952380952380952
2024-01-23 15:00:00,haberx.com,"Yildirim Beyazit, Ankara, Turkey",2.30769230769231
2024-01-23 15:00:00,haberx.com,"Yildirim Beyazit, Ankara, Turkey",2.37388724035608
2024-01-23 15:00:00,haberx.com,"Eski, Adiyaman, Turkey",-1.68067226890756
2024-01-23 15:00:00,hkcna.hk,Hong Kong,3.125
2024-01-23 15:00:00,ilroma.net,Italian,4.11899313501144
2024-01-23 15:00:00,ilsole24ore.com,Germany,0.97323600973236
2024-01-23 15:00:00,interfax.ru,Latvia,-1.25412541254125
2024-01-23 15:00:00,interfax.ru,Russian,-1.5748031496063
2024-01-23 15:00:00,itespresso.fr,France,1.3317191283293
2024-01-23 15:00:00,jim.fr,French,-1.17340286831812
2024-01-23 15:00:00,jim.fr,China,-5.41176470588235
2024-01-23 15:00:00,juznevesti.com,"Belgrade, Serbia (General), ",-8.82882882882883
2024-01-23 15:00:00,kreiszeitung.de,Germany,1.97674418604651
2024-01-23 15:00:00,ksta.de,"Rhein-Sieg-Kreis, Nordrhein-Westfalen, Germany",-1.23076923076923
2024-01-23 15:00:00,ksta.de,"Gummersbach, Nordrhein-Westfalen, Germany",-1.61290322580645
2024-01-23 15:00:00,lavieeco.com,Moroccan,0.749063670411985
2024-01-23 15:00:00,lavieeco.com,"Leila, Tanger-TéUan, Morocco",-3.53356890459364
2024-01-23 15:00:00,legaldaily.com.cn,China,3.99305555555556
2024-01-23 15:00:00,legaldaily.com.cn,China,3.99305555555556
2024-01-23 15:00:00,legaldaily.com.cn,"Chengdu, Sichuan, China",4.55813953488372
2024-01-23 15:00:00,ligazakon.net,Ukraine,-0.840336134453782
2024-01-23 15:00:00,lrytas.lt,Lithuania,-0.89126559714795
2024-01-23 15:00:00,lrytas.lt,"Vilnius, Vilniaus Apskritis, Lithuania",-1.32930513595166
2024-01-23 15:00:00,marktspiegel.de,"Burgundy, France (General), France",-8.64661654135338
2024-01-23 15:00:00,mayottehebdo.com,Burundi,-2.33050847457627
2024-01-23 15:00:00,mediapool.bg,"Sofia, Sofiya-Grad, Bulgaria",-0.896860986547086
2024-01-23 15:00:00,meinbezirk.at,"Vienna, Wien, Austria",-0.69364161849711
2024-01-23 15:00:00,meinbezirk.at,"Vienna, Wien, Austria",-3.9568345323741
2024-01-23 15:00:00,memleket.com.tr,"Yayla, Hatay, Turkey",-7.37327188940092
2024-01-23 15:00:00,money.pl,Hong Kong,-1.40845070422535
2024-01-23 15:00:00,moto.pl,"Warsaw, (Pl67), Poland",-3.06345733041575
2024-01-23 15:00:00,moto.pl,"Nevada, United States",-1.4760147601476
2024-01-23 15:00:00,nbd.com.cn,"Zhejiang, Zhejiang, China",3.54838709677419
2024-01-23 15:00:00,nbd.com.cn,Thailand,-1.75925925925926
2024-01-23 15:00:00,nbd.com.cn,"Guizhou, Hubei, China",-3.70639534883721
2024-01-23 15:00:00,newsbiella.it,Azerbaijan,2.90322580645161
2024-01-23 15:00:00,newsbomb.gr,Greece,-0.473372781065089
2024-01-23 15:00:00,nguoiduatin.vn,Chinese,3.34008097165992
2024-01-23 15:00:00,nguoiduatin.vn,Vietnam,-5.06198347107438
2024-01-23 15:00:00,norrteljetidning.se,Swedish,-0.279329608938548
2024-01-23 15:00:00,noticierovenevision.net,"Rio Cojedes, Cojedes, Venezuela",-3.80228136882129
2024-01-23 15:00:00,ntv.com.tr,"Sariyer, Isparta, Turkey",13.2743362831858
2024-01-23 15:00:00,ntv.com.tr,German,3.55555555555556
2024-01-23 15:00:00,observatorulph.ro,"Dacia, Romania (General), Romania",-1.22448979591837
2024-01-23 15:00:00,ostsee-zeitung.de,French,-7.79220779220779
2024-01-23 15:00:00,ostsee-zeitung.de,Swedish,1.37614678899083
2024-01-23 15:00:00,palestinechronicle.com,Italy,-2.08695652173913
2024-01-23 15:00:00,pda.kp.ru,Taiwan,-1.11607142857143
2024-01-23 15:00:00,pimenta.blog.br,"Valencia, Carabobo, Venezuela",0.0
2024-01-23 15:00:00,protocolo.com.mx,"Ciudad De Mexico, Distrito Federal, Mexico",-0.988142292490119
2024-01-23 15:00:00,qianlong.com,"Chongqing, Chongqing, China",1.55223880597015
2024-01-23 15:00:00,qianlong.com,"Weili, Jiangxi, China",6.54843110504775
2024-01-23 15:00:00,quibrescia.it,Italy,-0.249376558603492
2024-01-23 15:00:00,republika.co.id,Indonesia,1.77935943060498
2024-01-23 15:00:00,rtvslo.si,Liberia,-2.09059233449477
2024-01-23 15:00:00,salzburg.orf.at,"Salzburg, Salzburg, Austria",-3.90625
2024-01-23 15:00:00,samara.kp.ru,"Samara, Samarskaya Oblast', Russia",1.35440180586907
2024-01-23 15:00:00,sciencepost.fr,Japanese,-1.30624092888244
2024-01-23 15:00:00,sina.com.cn,"Texas, United States",0.0
2024-01-23 15:00:00,sindonews.com,Israel,-1.05633802816901
2024-01-23 15:00:00,sindonews.com,"Jakarta, Jakarta Raya, Indonesia",0.655021834061136
2024-01-23 15:00:00,sjzdaily.com.cn,China,6.46651270207852
2024-01-23 15:00:00,sjzdaily.com.cn,"Chongqing, Chongqing, China",1.54577883472057
2024-01-23 15:00:00,sjzdaily.com.cn,Chinese,5.30361260568793
2024-01-23 15:00:00,sjzdaily.com.cn,China,2.84916201117318
2024-01-23 15:00:00,sjzdaily.com.cn,Russia,-1.09826589595376
2024-01-23 15:00:00,sjzdaily.com.cn,Chinese,6.51289009497965
2024-01-23 15:00:00,sohu.com,Soviet,6.34615384615385
2024-01-23 15:00:00,sohu.com,"Beijing, Beijing, China",1.6490765171504
2024-01-23 15:00:00,sohu.com,"China Sea, Brunei (General), Brunei",1.5527950310559
2024-01-23 15:00:00,sohu.com,"Horgos, Xinjiang, China",-2.4390243902439
2024-01-23 15:00:00,sohu.com,China,-1.92
2024-01-23 15:00:00,sohu.com,Chinese,6.1277705345502
2024-01-23 15:00:00,spbvedomosti.ru,"Georgia, United States",-4.26884650317893
2024-01-23 15:00:00,star.com.tr,"Istanbul, Istanbul, Turkey",1.21951219512195
2024-01-23 15:00:00,stcn.com,"Shenzhen, Guangdong, China",-3.68608799048751
2024-01-23 15:00:00,stoxos.gr,American,1.16279069767442
2024-01-23 15:00:00,sudouest.fr,"Gironde, Aquitaine, France",-4.45544554455446
2024-01-23 15:00:00,tap.info.tn,Tunisia,1.11524163568773
2024-01-23 15:00:00,telegrafi.com,"Elbasani, Qarku Elbasan, Albania",-3.47394540942928
2024-01-23 15:00:00,thaipr.net,"Kanchanaburi, Kanchanaburi, Thailand",-1.57728706624606
2024-01-23 15:00:00,thedailystar.net,Canada,1.38888888888889
2024-01-23 15:00:00,tiempo.hn,El Salvador,-4.87179487179487
2024-01-23 15:00:00,time.mk,Macedonia,-0.347222222222222
2024-01-23 15:00:00,tirol.orf.at,Czech Republic,-6.54362416107382
2024-01-23 15:00:00,topagrar.pl,Poland,-1.91780821917808
2024-01-23 15:00:00,tportal.hr,"Kikovica, Primorsko-Goranska, Croatia",-5.22388059701492
2024-01-23 15:00:00,ug.ru,French,3.68421052631579
2024-01-23 15:00:00,ura-inform.com,Ukraine,-5.52486187845304
2024-01-23 15:00:00,vanguardia.com,Suede,-1.47058823529412
2024-01-23 15:00:00,varna24.bg,"Varna, Varna, Bulgaria",2.04081632653061
2024-01-23 15:00:00,varna24.bg,"Varna, Varna, Bulgaria",2.06185567010309
2024-01-23 15:00:00,varna24.bg,"Hollywood, California, United States",2.12765957446809
2024-01-23 15:00:00,volynnews.com,"Lutsk, Volyns'ka Oblast', Ukraine",-1.38568129330254
2024-01-23 15:00:00,zi-de-zi.ro,Bulgaria,-0.151975683890578
2024-01-23 15:00:00,ziarelive.ro,"Podari, Romania (General), Romania",-0.84985835694051
2024-01-23 15:00:00,zsnews.cn,"Zhongshan, Anhui, China",7.56914119359534
2024-01-23 15:00:00,61saat.com,Turkey,-7.34463276836158
2024-01-23 15:00:00,actualno.com,United Kingdom,-0.4
2024-01-23 15:00:00,affaritaliani.it,"Rome, Lazio, Italy",0.966183574879227
2024-01-23 15:00:00,affaritaliani.it,Italy,0.552486187845304
2024-01-23 15:00:00,alertadigital.com,Spain,4.88997555012225
2024-01-23 15:00:00,almasryalyoum.com,"Port Safaga, Al Ba?R Al A?Mar, Egypt",-9.14285714285714
2024-01-23 15:00:00,alo.rs,Palestinian,-9.30232558139535
2024-01-23 15:00:00,alwasat.com.kw,Palestinian,5.86854460093897
2024-01-23 15:00:00,ansa.it,"Rome, Lazio, Italy",2.89855072463768
2024-01-23 15:00:00,bd-pratidin.com,"Gazipur District, Rangpur, Bangladesh",2.92682926829268
2024-01-23 15:00:00,businessonline.it,"Valencia, Carabobo, Venezuela",0.673400673400673
2024-01-23 15:00:00,cafesiyaset.com,Turkey,-7.27848101265823
2024-01-23 15:00:00,cedarnews.net,"Mediterranean Sea, Oceans (General), Oceans",-1.18845500848896
2024-01-23 15:00:00,comnews.ru,"Lyubertsy, Moskovskaya Oblast', Russia",2.80373831775701
2024-01-23 15:00:00,corriereadriatico.it,"Montacuto, Marche, Italy",-4.20168067226891
2024-01-23 15:00:00,diariodeburgos.es,Spain,4.98338870431894
2024-01-23 15:00:00,fai.informazione.it,"Milan, Lombardia, Italy",4.15430267062315
2024-01-23 15:00:00,finanza.com,Italian,0.728862973760934
2024-01-23 15:00:00,gosc.pl,Egypt,-4.55958549222798
2024-01-23 15:00:00,hayat.ba,Ireland,-5.30612244897959
2024-01-23 15:00:00,ilroma.net,Italy,0.689655172413793
2024-01-23 15:00:00,info.elblag.pl,Netherlands,-1.35135135135135
2024-01-23 15:00:00,itespresso.fr,Canada,4.52961672473868
2024-01-23 15:00:00,juznevesti.com,Serbia,-2.1021021021021
2024-01-23 15:00:00,juznevesti.com,Mexico,0.900900900900901
2024-01-23 15:00:00,ladepeche.fr,France,0.772200772200772
2024-01-23 15:00:00,leconomistemaghrebin.com,Tunisia,-0.429184549356223
2024-01-23 15:00:00,legaldaily.com.cn,United States,0.643086816720257
2024-01-23 15:00:00,leonoticias.com,"Minambres, Castilla Y LeóP, Spain",-0.943396226415094
2024-01-23 15:00:00,leparisien.fr,"Compiegne, Picardie, France",-3.2258064516129
2024-01-23 15:00:00,lrytas.lt,Lithuania,-2.61437908496732
2024-01-23 15:00:00,money.pl,"Warsaw, (Pl67), Poland",-5.6
2024-01-23 15:00:00,n-tv.de,"Saxony, Sachsen, Germany",-1.81818181818182
2024-01-23 15:00:00,n-tv.de,"Hollywood, California, United States",-1.99203187250996
2024-01-23 15:00:00,naslovi.net,"Mitrovica, 00, Serbia",3.2
2024-01-23 15:00:00,oncevatan.com.tr,"Hakkari, Hakkâ, Turkey",0.353982300884955
2024-01-23 15:00:00,ondacero.es,"Cantabria, Cantabria, Spain",-0.420168067226891
2024-01-23 15:00:00,oslobodjenje.ba,Mexico,1.19760479041916
2024-01-23 15:00:00,proceso.com.mx,"Ciudad Juarez, MéCo, Mexico",3.18181818181818
2024-01-23 15:00:00,rewmi.com,"Geneva, Genè, Switzerland",0.0
2024-01-23 15:00:00,rg.ru,"Moscow, Moskva, Russia",1.48367952522255
2024-01-23 15:00:00,rtl.de,Turkish,-0.269541778975741
2024-01-23 15:00:00,sanin-chuo.co.jp,"Matsue, Japan (General), Japan",-1.98300283286119
2024-01-23 15:00:00,sassuolo2000.it,"Milan, Lombardia, Italy",0.520833333333334
2024-01-23 15:00:00,sudouest.fr,"Medoc, Poitou-Charentes, France",-2.76752767527675
2024-01-23 15:00:00,telegraf.rs,"Mitrovica, 00, Serbia",-6.74846625766871
2024-01-23 15:00:00,vgoroden.ru,"Arzamas, Nizhegorodskaya Oblast', Russia",-0.413223140495868
2024-01-23 15:00:00,vgoroden.ru,Ukraine,4.23280423280423
2024-01-23 15:00:00,zazoom.it,"Rome, Lazio, Italy",1.75438596491228
2024-01-23 15:00:00,zerkalo.az,China,0.0
2024-01-23 15:00:00,zonebourse.com,Netherlands,3.44827586206897
2024-01-09 16:30:00,24tv.ua,German,-2.13604313562837
2024-01-09 16:30:00,24tv.ua,"Tavriya, Lipetskaya Oblast', Russia",-4.11627906976744
2024-01-09 16:30:00,24tv.ua,"Kherson, Khersons'ka Oblast', Ukraine",-2.08053691275168
2024-01-09 16:30:00,26sep.net,Israel,-1.23022847100176
2024-01-09 16:30:00,81.cn,Romania,4.31372549019608
2024-01-09 16:30:00,aachener-zeitung.de,Israeli,-7.74077407740774
2024-01-09 16:30:00,aachener-zeitung.de,Ukraine,-3.6480686695279
2024-01-09 16:30:00,akhbarelyom.com,"Banha, Al Qalyubiyah, Egypt",-2.25
2024-01-09 16:30:00,albayan.ae,Gaza Strip,4.3640897755611
2024-01-09 16:30:00,aljazeera.net,British,-3.75972342264477
2024-01-09 16:30:00,aljazeera.net,Israeli,-10.7423580786026
2024-01-09 16:30:00,aljazeera.net,Israelis,-7.33067729083665
2024-01-09 16:30:00,aljazeera.net,"Oregon, United States",-5.66801619433198
2024-01-09 16:30:00,ami.mr,Mauritania,0.934579439252337
2024-01-09 16:30:00,bnr.bg,China,-4.81049562682216
2024-01-09 16:30:00,boyens-medien.de,Gaza Strip,-0.313479623824451
2024-01-09 16:30:00,boyens-medien.de,South Africa,-7.82029950083195
2024-01-09 16:30:00,boyens-medien.de,Ukraine,-3.94190871369295
2024-01-09 16:30:00,chinesepress.com,Palestine,-8.36236933797909
2024-01-09 16:30:00,cross.bg,"Sofia, Sofiya-Grad, Bulgaria",2.36406619385343
2024-01-09 16:30:00,denik.cz,"Prague, Praha, HlavníEsto, Czech Republic",-6.46551724137931
2024-01-09 16:30:00,dhnet.be,"Brussels, Bruxelles-Capitale, Belgium",-3.63086232980333
2024-01-09 16:30:00,e-thessalia.gr,Greek,-2.17809096732864
2024-01-09 16:30:00,elaph.com,Jordan,-2.4025974025974
2024-01-09 16:30:00,eldiario.com.ar,"Entre Rios, Salta, Argentina",1.440329218107
2024-01-09 16:30:00,elpatagonico.com,Argentina,-0.866551126516465
2024-01-09 16:30:00,elperiodico.com,France,0.75187969924812
2024-01-09 16:30:00,emaratalyoum.com,"Abu Dhabi, Abu Z¸Aby, United Arab Emirates",4.3859649122807
2024-01-09 16:30:00,faktor.ba,Serbian,-9.44309927360775
2024-01-09 16:30:00,famigliacristiana.it,"Udine, Friuli-Venezia Giulia, Italy",5.51839464882943
2024-01-09 16:30:00,federalna.ba,"Cehari, Federation Of Bosnia And Herzegovina, Bosnia-Herzegovina",0.315457413249211
2024-01-09 16:30:00,finanznachrichten.de,Germany,-3.52112676056338
2024-01-09 16:30:00,finanznachrichten.de,Argentina,0.573723465289731
2024-01-09 16:30:00,frieschdagblad.nl,"Leeuwarden, Friesland, Netherlands",-1.61725067385445
2024-01-09 16:30:00,futura-sciences.com,"Hawaii, United States",0.185356811862836
2024-01-09 16:30:00,ga.de,Ukraine,-3.94190871369295
2024-01-09 16:30:00,ga.de,Gaza Strip,-0.315457413249211
2024-01-09 16:30:00,ga.de,Syria,-7.82681099084096
2024-01-09 16:30:00,government.ru,Russia,3.33333333333333
2024-01-09 16:30:00,government.ru,Russian,1.44041903099083
2024-01-09 16:30:00,greenme.it,Antarctica,1.10759493670886
2024-01-09 16:30:00,haber7.com,"Seluk, Tokat, Turkey",-3.3112582781457
2024-01-09 16:30:00,harzkurier.de,Israeli,-7.79220779220779
2024-01-09 16:30:00,harzkurier.de,Ukraine,-3.75494071146245
2024-01-09 16:30:00,harzkurier.de,Gaza Strip,-0.289017341040462
2024-01-09 16:30:00,idnes.cz,"Mediterranean Sea, Oceans (General), Oceans",0.0
2024-01-09 16:30:00,infobae.com,Uruguay,-3.125
2024-01-09 16:30:00,infomoney.com.br,"Brasilia, Distrito Federal, Brazil",-1.40280561122244
2024-01-09 16:30:00,interior.gob.cl,Suede,-4.76673427991886
2024-01-09 16:30:00,iz.ru,Russian,-5.71049136786189
2024-01-09 16:30:00,iz.ru,Russia,-4.12979351032448
2024-01-09 16:30:00,kibrisgazetesi.com,Cyprus,1.98265179677819
2024-01-09 16:30:00,kibrisgazetesi.com,"Morphou, Nicosia, Cyprus",0.0
2024-01-09 16:30:00,kocaeligazetesi.com.tr,"Seluk, Tokat, Turkey",-1.96078431372549
2024-01-09 16:30:00,kommersant.ru,Soviet,4.89614243323442
2024-01-09 16:30:00,laterre.ca,United States,0.351185250219491
2024-01-09 16:30:00,ledevoir.com,Canada,-1.0233918128655
2024-01-09 16:30:00,loktej.com,"Mahatma, Rajasthan, India",2.01005025125628
2024-01-09 16:30:00,luceraweb.eu,"Piedmont, Piemonte, Italy",3.1055900621118
2024-01-09 16:30:00,lyoncapitale.fr,Italian,4.29447852760736
2024-01-09 16:30:00,main-echo.de,Ukraine,-2.98245614035088
2024-01-09 16:30:00,main-echo.de,Israeli,-7.46728252501924
2024-01-09 16:30:00,main-echo.de,Chinese,0.488997555012225
2024-01-09 16:30:00,marca.com,Brazilian,-0.895522388059701
2024-01-09 16:30:00,mbl.is,Israel,-1.73913043478261
2024-01-09 16:30:00,medias24.com,United Kingdom,-0.625978090766823
2024-01-09 16:30:00,medias24.com,"Conakry, Capitale D'etat-Zone Speciale De Conakry, Guinea",-1.44092219020173
2024-01-09 16:30:00,meionorte.com,"Paris, France (General), France",0.0
2024-01-09 16:30:00,ndr.de,"Lower Saxony, Niedersachsen, Germany",-3.31230283911672
2024-01-09 16:30:00,newratings.de,German,0.0
2024-01-09 16:30:00,newratings.de,Argentina,0.569151963574274
2024-01-09 16:30:00,newsbeast.gr,Greece,2.24719101123595
2024-01-09 16:30:00,novilist.hr,"Rijeka, Primorsko-Goranska, Croatia",0.0
2024-01-09 16:30:00,noz.de,German,0.22271714922049
2024-01-09 16:30:00,noz.de,Germany,-1.91570881226054
2024-01-09 16:30:00,nw.de,Gaza Strip,-0.316455696202532
2024-01-09 16:30:00,okaz.com.sa,Colombia,-10.7883817427386
2024-01-09 16:30:00,primamedia.ru,"Baburina, Tomskaya Oblast', Russia",1.2075905692927
2024-01-09 16:30:00,primamedia.ru,Russia,-4.74452554744526
2024-01-09 16:30:00,proceso.hn,"Monterrey, Nuevo LeóX, Mexico",-3.74331550802139
2024-01-09 16:30:00,quotidianodibari.it,Monaco,1.18203309692671
2024-01-09 16:30:00,quotidianodibari.it,"Paris, France (General), France",1.63934426229508
2024-01-09 16:30:00,repubblica.it,"Paris, France (General), France",2.7906976744186
2024-01-09 16:30:00,sagat.no,Norwegian,-0.498338870431894
2024-01-09 16:30:00,sagat.no,Norwegian,-0.495867768595041
2024-01-09 16:30:00,sagat.no,Norwegian,-0.497512437810945
2024-01-09 16:30:00,sagat.no,Norwegian,-0.497512437810945
2024-01-09 16:30:00,sohu.com,"Guangzhou, Guangdong, China",0.227531285551763
2024-01-09 16:30:00,stcn.com,Taiwan,2.14943705220061
2024-01-09 16:30:00,sueddeutsche.de,German,0.110864745011086
2024-01-09 16:30:00,t-online.de,Ukraine,-3.3271719038817
2024-01-09 16:30:00,telecinco.es,Spanish,0.968992248062015
2024-01-09 16:30:00,telegraf.rs,Croatian,-4.99075785582255
2024-01-09 16:30:00,top-channel.tv,United Kingdom,-2.85714285714286
2024-01-09 16:30:00,ura.news,Russian Federation,-0.561797752808989
2024-01-09 16:30:00,valeursactuelles.com,France,0.33112582781457
2024-01-09 16:30:00,vietstock.vn,Vietnam,3.15186246418338
2024-01-09 16:30:00,walla.co.il,Lebanon,2.20048899755501
2024-01-09 16:30:00,ynet.co.il,Chinese,-2.5706940874036
2024-01-09 16:30:00,ziare.com,Romania,7.38007380073801
2024-01-09 16:30:00,ziarelive.ro,Italian,3.7542662116041
2024-01-09 16:30:00,zurnal24.si,"Ljubljana, Slovenia (General), Slovenia",-0.655021834061136
2024-01-09 16:30:00,24tv.ua,Ukraine,-1.98019801980198
2024-01-09 16:30:00,24tv.ua,Ukraine,1.39784946236559
2024-01-09 16:30:00,81.cn,China,-2.0
2024-01-09 16:30:00,81.cn,China,9.04925544100802
2024-01-09 16:30:00,aa.com.tr,"Istanbul, Istanbul, Turkey",-6.57894736842105
2024-01-09 16:30:00,aa.com.tr,Spain,1.67130919220056
2024-01-09 16:30:00,acidadeon.com,South Korean,0.617283950617284
2024-01-09 16:30:00,acidadeon.com,Brazil,-1.24610591900312
2024-01-09 16:30:00,adevarul.ro,"Bucharest, Bucuresti, Romania",-5.34188034188034
2024-01-09 16:30:00,adiac-congo.com,Congo,-1.19047619047619
2024-01-09 16:30:00,adnkronos.com,Italian,5.2896725440806
2024-01-09 16:30:00,aljazeera.net,"Pretoria, Gauteng, South Africa",-5.02092050209205
2024-01-09 16:30:00,allafrica.com,Kenya,2.30769230769231
2024-01-09 16:30:00,ammonnews.net,Jordan,-8.52713178294574
2024-01-09 16:30:00,ansa.it,"Brussels, Bruxelles-Capitale, Belgium",2.89389067524116
2024-01-09 16:30:00,ansa.it,French,3.07692307692308
2024-01-09 16:30:00,ansa.it,Italy,-7.92682926829268
2024-01-09 16:30:00,antaranews.com,"Jambi, Jambi, Indonesia",2.09205020920502
2024-01-09 16:30:00,antaranews.com,"Riau, Indonesia (General), Indonesia",-0.256410256410256
2024-01-09 16:30:00,bursa.ro,Romanian,-1.47783251231527
2024-01-09 16:30:00,cancan.ro,Romania,2.05278592375367
2024-01-09 16:30:00,chietitoday.it,"Pescara, Abruzzo, Italy",-2.5089605734767
2024-01-09 16:30:00,chinesepress.com,Hong Kong,3.65939479239972
2024-01-09 16:30:00,chinesepress.com,Italy,-1.98776758409786
2024-01-09 16:30:00,chinesepress.com,China,5.84415584415584
2024-01-09 16:30:00,chinesepress.com,China,-5.77299412915851
2024-01-09 16:30:00,civonline.it,"Civitavecchia, Lazio, Italy",-0.177619893428064
2024-01-09 16:30:00,civonline.it,Italy,5.40540540540541
2024-01-09 16:30:00,delfi.lt,Cubans,1.12903225806452
2024-01-09 16:30:00,demokracija.si,Bolivia,1.2
2024-01-09 16:30:00,diaridetarragona.com,"Tarragona, Comunidad Autonoma De Cataluna, Spain",-3.90070921985816
2024-01-09 16:30:00,diaridetarragona.com,"Tarragona, Comunidad Autonoma De Cataluna, Spain",-2.8436018957346
2024-01-09 16:30:00,diariodealmeria.es,"La Linea, AndalucíSp, Spain",-4.01234567901234
2024-01-09 16:30:00,dlahandlu.pl,"Osterode, Warminsko-Mazurskie, Poland",-5.13513513513514
2024-01-09 16:30:00,e24.no,"Alaska, United States",-0.337837837837838
2024-01-09 16:30:00,elconfidencial.com,Portuguese,0.289855072463769
2024-01-09 16:30:00,elcorreo.com,"Bizkaia, Pais Vasco, Spain",2.07182320441989
2024-01-09 16:30:00,elperiodico.com,Spanish,4.23825887743414
2024-01-09 16:30:00,elpuntavui.cat,"Paris, France (General), France",0.65359477124183
2024-01-09 16:30:00,elpuntavui.cat,"Paris, France (General), France",0.65359477124183
2024-01-09 16:30:00,elsoldepuebla.com.mx,"Nuevo Leon, Chiapas, Mexico",-1.39416983523447
2024-01-09 16:30:00,energias-renovables.com,"Andalusia, Spain (General), Spain",3.23275862068966
2024-01-09 16:30:00,europe1.fr,France,-0.855920114122682
2024-01-09 16:30:00,gestion.pe,"Beijing, Beijing, China",-1.48423005565863
2024-01-09 16:30:00,greenme.it,"Pennsylvania, United States",3.87931034482759
2024-01-09 16:30:00,greenme.it,Italy,1.49253731343284
2024-01-09 16:30:00,greenreport.it,"Tiber, Italy (General), Italy",-1.80505415162455
2024-01-09 16:30:00,greenreport.it,Tongan,-4.60448642266824
2024-01-09 16:30:00,haber7.com,"Bursa, Bursa, Turkey",-6.04026845637584
2024-01-09 16:30:00,haberaktuel.com,"Istanbul, Istanbul, Turkey",7.64705882352941
2024-01-09 16:30:00,hna.de,"Kaufungen, Sachsen, Germany",-2.60416666666667
2024-01-09 16:30:00,hna.de,German,-0.611620795107033
2024-01-09 16:30:00,huffingtonpost.it,Italian,0.5
2024-01-09 16:30:00,huffingtonpost.it,Poland,-1.994301994302
2024-01-09 16:30:00,ilfattoquotidiano.it,"Brussels, Bruxelles-Capitale, Belgium",-1.65289256198347
2024-01-09 16:30:00,ilpost.it,"Paris, France (General), France",4.37956204379562
2024-01-09 16:30:00,ilsecoloxix.it,Rwanda,-2.77777777777778
2024-01-09 16:30:00,ilsecoloxix.it,"Warsaw, (Pl67), Poland",-1.994301994302
2024-01-09 16:30:00,informer.rs,Italy,-2.48447204968944
2024-01-09 16:30:00,interior.gob.cl,Suede,-1.36601044596223
2024-01-09 16:30:00,interior.gob.cl,Republica De Chile,2.35602094240838
2024-01-09 16:30:00,kazan.kp.ru,"Chuvashia, Chuvashiya, Russia",0.78740157480315
2024-01-09 16:30:00,kibrisgazetesi.com,Cyprus,0.0
2024-01-09 16:30:00,klankosova.tv,Kosovo,-1.50375939849624
2024-01-09 16:30:00,knnews.co.kr,Japan,1.7478152309613
2024-01-09 16:30:00,knnews.co.kr,"Gyeongnam, Kyongsang-Namdo, South Korea",-11.280487804878
2024-01-09 16:30:00,ladepeche.fr,"Rodez, Midi-PyréEs, France",1.05263157894737
2024-01-09 16:30:00,landeszeitung.de,"Des Moines, Iowa, United States",0.421179302045728
2024-01-09 16:30:00,lejecos.com,Kenya,2.4024024024024
2024-01-09 16:30:00,lemonde.fr,Australia,-0.973574408901252
2024-01-09 16:30:00,liga.net,"Zhitomir, Zhytomyrs'ka Oblast', Ukraine",-1.91082802547771
2024-01-09 16:30:00,ligurianotizie.it,"Genoa, Liguria, Italy",-1.08695652173913
2024-01-09 16:30:00,loksatta.com,"Calangute, India (General), India",-3.95604395604396
2024-01-09 16:30:00,lopinionista.it,Italian,7.30593607305936
2024-01-09 16:30:00,luceraweb.eu,"Lecce, Puglia, Italy",-1.22448979591837
2024-01-09 16:30:00,macwelt.de,Switzerland,-0.744416873449131
2024-01-09 16:30:00,madata.gr,Greek,-2.4896265560166
2024-01-09 16:30:00,mbl.is,Iceland,-0.321543408360129
2024-01-09 16:30:00,medias24.com,Vietnam,1.90839694656489
2024-01-09 16:30:00,menara.ma,Morocco,-1.71306209850107
2024-01-09 16:30:00,menara.ma,"Agadir, Souss-Massa-DrâMo, Morocco",0.0
2024-01-09 16:30:00,meridiananotizie.it,Italy,5.3475935828877
2024-01-09 16:30:00,merkur.de,German,-0.611620795107033
2024-01-09 16:30:00,meteoweb.eu,Italian,-6.02409638554217
2024-01-09 16:30:00,meteoweb.eu,Soviet,-4.28134556574924
2024-01-09 16:30:00,meteoweb.eu,"Alaskan, United States",0.0
2024-01-09 16:30:00,meteoweb.eu,"Umbria, Umbria, Italy",-1.05820105820106
2024-01-09 16:30:00,meteoweb.eu,United Kingdom,1.41643059490085
2024-01-09 16:30:00,mignews.com,Russian,1.9047619047619
2024-01-09 16:30:00,motori.tiscali.it,"Russelsheim, Hessen, Germany",2.78551532033426
2024-01-09 16:30:00,n-tv.de,Poland,-4.42477876106195
2024-01-09 16:30:00,noz.de,Germany,3.20855614973262
2024-01-09 16:30:00,ntv.com.tr,"Paris, France (General), France",1.90839694656489
2024-01-09 16:30:00,oeeee.com,Austria,-2.06185567010309
2024-01-09 16:30:00,panorama.com.al,"Paris, France (General), France",-2.26244343891403
2024-01-09 16:30:00,persoenlich.com,Swiss,-1.8957345971564
2024-01-09 16:30:00,perugiatoday.it,Italy,4.74683544303798
2024-01-09 16:30:00,perugiatoday.it,"Perugia, Umbria, Italy",1.18203309692671
2024-01-09 16:30:00,pmfarma.com,Spain,2.77777777777778
2024-01-09 16:30:00,quotidianodibari.it,Italy,5.30035335689046
2024-01-09 16:30:00,ravennanotizie.it,"Cervia, Emilia-Romagna, Italy",1.05105105105105
2024-01-09 16:30:00,reporterre.net,France,-0.94876660341556
2024-01-09 16:30:00,reporterre.net,Algerie,0.318725099601594
2024-01-09 16:30:00,repubblica.it,Philippines,-2.77777777777778
2024-01-09 16:30:00,republika.co.id,"Banyumas, Jawa Tengah, Indonesia",0.0
2024-01-09 16:30:00,sat1.de,Germany,1.00090991810737
2024-01-09 16:30:00,shorouknews.com,Canada,-4.30622009569378
2024-01-09 16:30:00,sina.com.cn,Germany,0.8130081300813
2024-01-09 16:30:00,sohu.com,China,-1.92539109506618
2024-01-09 16:30:00,sot.com.al,"Bulqize, DibëAl, Albania",-3.05343511450382
2024-01-09 16:30:00,spotandweb.it,"Milan, Lombardia, Italy",6.62251655629139
2024-01-09 16:30:00,stdaily.com,"Xiamen, Fujian, China",2.44498777506112
2024-01-09 16:30:00,sudouest.fr,France,1.68471720818291
2024-01-09 16:30:00,syri.net,"Paris, France (General), France",-1.85185185185185
2024-01-09 16:30:00,t-online.de,Ukraine,-6.08365019011407
2024-01-09 16:30:00,teleborsa.it,"Brussels, Bruxelles-Capitale, Belgium",-1.86666666666667
2024-01-09 16:30:00,telemundopr.com,"Paris, France (General), France",-1.47058823529412
2024-01-09 16:30:00,telepro.be,Belgium,0.680272108843537
2024-01-09 16:30:00,varna24.bg,"Milan, Lombardia, Italy",1.03092783505155
2024-01-09 16:30:00,varna24.bg,"Sofia, Sofiya-Grad, Bulgaria",4.0
2024-01-09 16:30:00,varna24.bg,Bulgaria,2.10526315789474
2024-01-09 16:30:00,varna24.bg,Bulgaria,3.26086956521739
2024-01-09 16:30:00,vedomosti.ru,Japanese,1.47058823529412
2024-01-09 16:30:00,vienna.at,"Vienna, Wien, Austria",-7.73809523809524
2024-01-09 16:30:00,vienna.at,Syrian,-7.73809523809524
2024-01-09 16:30:00,vietnamnet.vn,Vietnam,-6.72514619883041
2024-01-09 16:30:00,vietstock.vn,Vietnam,1.99296600234467
2024-01-09 16:30:00,vimatisko.gr,Greek,-0.850340136054422
2024-01-09 16:30:00,vimatisko.gr,Greece,-1.01694915254237
2024-01-09 16:30:00,viva.co.id,"Surabaya, Jawa Timur, Indonesia",-10.7266435986159
2024-01-09 16:30:00,zazoom.it,Filipino,0.606060606060606
2024-01-09 16:30:00,ziare.com,"California, United States",-1.58730158730159
2024-01-09 16:30:00,ziarelive.ro,Romania,0.563380281690141
2024-01-09 16:30:00,zonebourse.com,United States,-2.20125786163522
2024-01-09 17:00:00,indiaeducationdiary.in,Tunisia,3.19148936170213
2024-01-09 17:00:00,geo.tv,United Kingdom,-3.18906605922551
2024-01-09 17:00:00,kentonline.co.uk,Scotland,-5.26315789473684
2024-01-09 17:00:00,koco.com,"New York, United States",0.904977375565611
2024-01-09 17:00:00,theweek.in,China,-7.48663101604278
2024-01-09 17:00:00,strathroytoday.ca,"Middlesex County, Ontario, Canada",-2.54810192407696
2024-01-09 17:00:00,hometownregister.com,French,-4.4543429844098
2024-01-09 17:00:00,aol.com,Chile,-7.80669144981413
2024-01-09 17:00:00,washingtonblade.com,"Maryland, United States",-4.12698412698413
2024-01-09 17:00:00,hitsfm.net,"Hawaii, United States",-2.01567749160134
2024-01-09 17:00:00,hitsfm.net,"California, United States",-1.28398791540786
2024-01-09 17:00:00,se933.com,"Puunoa, Hawaii, United States",-2.01567749160134
2024-01-09 17:00:00,hitsfm.net,Australia,-0.732064421669107
2024-01-09 17:00:00,hitsfm.net,South Koreans,-3.11614730878187
2024-01-09 17:00:00,kurv.com,"Florida, United States",-2.81501340482574
2024-01-09 17:00:00,hellenicnews.com,Greek,-3.02491103202847
2024-01-09 17:00:00,hotair.com,"Washington, Washington, United States",-3.82165605095541
2024-01-09 17:00:00,washingtonblade.com,"Washington, Washington, United States",-5.40540540540541
2024-01-09 17:00:00,marketscreener.com,"Seattle, Washington, United States",-0.630914826498423
2024-01-09 17:00:00,marketscreener.com,China,0.34965034965035
2024-01-09 17:00:00,masslawyersweekly.com,United States,-7.71028037383178
2024-01-09 17:00:00,theasian.asia,"Seoul, Soul-T'ukpyolsi, South Korea",-1.83930300096805
2024-01-09 17:00:00,khaleejtimes.com,China,-1.89328743545611
2024-01-09 17:00:00,theheraldghana.com,"Dubai, Dubayy, United Arab Emirates",-3.86178861788618
2024-01-09 17:00:00,journalreview.com,United States,-1.14702815432742
2024-01-09 17:00:00,oskynews.org,"Oklahoma, United States",-2.66587677725119
2024-01-09 17:00:00,furninfo.com,"California, United States",0.080385852090032
2024-01-09 17:00:00,ksisradio.com,America,-8.06794055201698
2024-01-09 17:00:00,aol.com,"Portland, Oregon, United States",-2.44131455399061
2024-01-09 17:00:00,bedfordtoday.co.uk,"Bedfordshire, United Kingdom (General), United Kingdom",5.63725490196078
2024-01-09 17:00:00,azocleantech.com,Bermuda,-0.8424599831508
2024-01-09 17:00:00,freerepublic.com,"Fulton County, Georgia, United States",-3.84990253411306
2024-01-09 17:00:00,neweasterneurope.eu,"Skopje, Macedonia (General), Macedonia",-4.35517970401691
2024-01-09 17:00:00,mankatofreepress.com,"Berkeley, California, United States",-1.25223613595707
2024-01-09 17:00:00,newspressnow.com,"Berkeley, California, United States",-1.25223613595707
2024-01-09 17:00:00,joplinglobe.com,Australian,-1.25223613595707
2024-01-09 17:00:00,register-herald.com,China,-1.25223613595707
2024-01-09 17:00:00,dailycaller.com,"Brooklyn, New York, United States",-2.10970464135021
2024-01-09 17:00:00,registercitizen.com,"Red Sea, Djibouti (General), Djibouti",-3.54223433242507
2024-01-09 17:00:00,ctinsider.com,Russian,-3.54223433242507
2024-01-09 17:00:00,wrdw.com,"Georgia, United States",-4.41767068273092
2024-01-09 17:00:00,roanoke.com,"Richmond, Virginia, United States",0.227272727272728
2024-01-09 17:00:00,harpersbazaar.com,"New York, United States",0.672430355427473
2024-01-09 17:00:00,huffingtonpost.co.uk,British,-2.10526315789474
2024-01-09 17:00:00,highlandernews.org,"Californians, United States",0.0
2024-01-09 17:00:00,carsonnow.org,"Wild Horse, Nevada, United States",2.00534759358289
2024-01-09 17:00:00,oilprice.com,"Texas, United States",0.576368876080692
2024-01-09 17:00:00,leicestermercury.co.uk,"Paris, France (General), France",0.741839762611276
2024-01-09 17:00:00,scrippsnews.com,Antarctica,-1.6728624535316
2024-01-09 17:00:00,abc15.com,"Paris, France (General), France",-1.36186770428016
2024-01-09 17:00:00,abcactionnews.com,"Paris, France (General), France",-1.36186770428016
2024-01-09 17:00:00,huffingtonpost.co.uk,"Paris, France (General), France",-2.46913580246914
2024-01-09 17:00:00,marketwatch.com,"Paris, France (General), France",-1.52905198776758
2024-01-09 17:00:00,euobserver.com,"Paris, France (General), France",-1.364522417154
2024-01-09 17:00:00,abc57.com,United Kingdom,-1.45348837209302
2024-01-09 17:00:00,quickcountry.com,"Minneapolis, Minnesota, United States",-2.10970464135021
2024-01-09 17:00:00,krdo.com,Norwegian,-1.83727034120735
2024-01-09 17:00:00,electronicsweekly.com,"Chatham, Medway, United Kingdom",-2.0746887966805
2024-01-09 17:00:00,wetpaint.com,"Dubai, Dubayy, United Arab Emirates",4.56989247311828
2024-01-09 17:00:00,hotair.com,Ukraine,-3.48993288590604
2024-01-09 17:00:00,jalopnik.com,"Oregon, United States",-1.50214592274678
2024-01-09 17:00:00,quickcountry.com,"Akra, Greater Accra, Ghana",-7.03363914373089
2024-01-09 17:00:00,ctvnews.ca,French,-3.18181818181818
2024-01-09 17:00:00,premiumtimesng.com,"Florida, United States",-0.423131170662905
2024-01-09 17:00:00,telecoms.com,United Kingdom,0.403225806451613
2024-01-09 17:00:00,theenterpriseleader.com,United States,1.45175064047822
2024-01-09 17:00:00,dailypolitical.com,United States,1.45175064047822
2024-01-09 17:00:00,dailypolitical.com,United States,2.19594594594595
2024-01-09 17:00:00,theguardian.com,Germany,-4.0590405904059
2024-01-09 17:00:00,scrippsnews.com,"Washington, Washington, United States",-1.13207547169811
2024-01-09 17:00:00,mitchellrepublic.com,"North Dakota, United States",-1.26182965299685
2024-01-09 17:00:00,newcivilengineer.com,"Bewdley, Worcestershire, United Kingdom",-4.92341356673961
2024-01-09 17:00:00,independent.co.uk,"Washington, Washington, United States",-6.88124306326304
2024-01-09 17:00:00,venturebeat.com,Australian,4.90693739424704
2024-01-09 17:00:00,squatchrocks.com,"Wisconsin, United States",-1.54798761609907
2024-01-09 17:00:00,climatechangenews.com,Swiss,1.92502532928065
2024-01-09 17:00:00,alphr.com,Malaysian,1.36432541687721
2024-01-09 17:00:00,edp24.co.uk,"East Suffolk, Suffolk, United Kingdom",-2.22841225626741
2024-01-09 17:00:00,canindia.com,Panama,-2.43362831858407
2024-01-09 17:00:00,dw.com,"Alaska, United States",-1.2987012987013
2024-01-09 17:00:00,oilprice.com,Switzerland,2.41691842900302
2024-01-09 17:00:00,edp24.co.uk,"River Yare, Norfolk, United Kingdom",0.0
2024-01-09 17:00:00,nytimes.com,Canadian,-2.73405136702568
2024-01-09 17:00:00,wgmd.com,"California, United States",-7.69230769230769
2024-01-09 17:00:00,washingtonblade.com,"Chicago, Illinois, United States",-1.73611111111111
2024-01-09 17:00:00,independent.co.uk,"Bengaluru, Karnataka, India",-2.75862068965517
2024-01-09 17:00:00,wkrb13.com,"Philadelphia, Pennsylvania, United States",0.724112961622013
2024-01-09 17:00:00,kentonline.co.uk,"Plaxtol, Kent, United Kingdom",1.63934426229508
2024-01-09 17:00:00,fox9.com,"Portland, Oregon, United States",-2.78113663845224
2024-01-09 17:00:00,mtlblog.com,Palestinian,-4.49591280653951
2024-01-09 17:00:00,newsletter.co.uk,United Kingdom,2.03665987780041
2024-01-09 17:00:00,ideastream.org,"District Of Columbia, United States",-5.15995872033024
2024-01-09 17:00:00,scmp.com,China,-0.435729847494554
2024-01-09 17:00:00,iheart.com,"Bay State, Massachusetts, United States",-4.08432147562582
2024-01-09 17:00:00,straitstimes.com,"Bangkok, Krung Thep Mahanakhon, Thailand",-2.4330900243309
2024-01-09 17:00:00,worldcasinodirectory.com,"Vigo County, Indiana, United States",0.13351134846462
2024-01-09 17:00:00,ems1.com,America,0.442086648983201
2024-01-09 17:00:00,wcnc.com,"City Of Mebane, North Carolina, United States",2.06378986866792
2024-01-09 17:00:00,kxl.com,Canada,-0.733137829912023
2024-01-09 17:00:00,kxl.com,South Korea,-3.125
2024-01-09 17:00:00,921wrou.com,"Oregon, United States",-1.38888888888889
2024-01-09 17:00:00,921wrou.com,"Puunoa, Hawaii, United States",-2.01567749160134
2024-01-09 17:00:00,newsday.com,"Calexico, California, United States",-0.457038391224863
2024-01-09 17:00:00,arabtimesonline.com,Kuwait,4.73684210526316
2024-01-09 17:00:00,canberratimes.com.au,United Kingdom,-1.14942528735632
2024-01-09 17:00:00,canberratimes.com.au,United Kingdom,-1.14942528735632
2024-01-09 17:00:00,shorenewsnetwork.com,Yemen,-0.819672131147541
2024-01-09 17:00:00,odt.co.nz,"Bendigo, New Zealand (General), New Zealand",2.21169036334913
2024-01-09 17:00:00,odt.co.nz,"Otago, Otago, New Zealand",0.336700336700337
2024-01-09 17:00:00,dailyridge.com,"Winter Haven, Florida, United States",-13.3725820016821
2024-01-09 17:00:00,canberratimes.com.au,"Sydney, New South Wales, Australia",0.19723865877712
2024-01-09 17:00:00,canberratimes.com.au,Australia,0.19723865877712
2024-01-09 17:00:00,bunburymail.com.au,Australia,0.19723865877712
2024-01-09 17:00:00,dailyadvertiser.com.au,Australia,0.19723865877712
2024-01-09 17:00:00,bunburymail.com.au,Australia,0.19723865877712
2024-01-09 17:00:00,bordermail.com.au,"Sydney, New South Wales, Australia",0.19723865877712
2024-01-09 17:00:00,phnompenhpost.com,"Koh Kong, KaôOng, Cambodia",-0.865800865800866
2024-01-09 17:00:00,carsonnow.org,"Nevada, United States",5.33333333333333
2024-01-09 17:00:00,yahoo.com,Panama,-0.808625336927224
2024-01-09 17:00:00,yahoo.com,Norwegian,-2.66666666666667
2024-01-09 17:00:00,heraldstaronline.com,"Amsterdam, Noord-Holland, Netherlands",-5.88235294117647
2024-01-09 17:00:00,nationalnetworkonline.com,Nigerian,3.3210332103321
2024-01-09 17:00:00,gdnonline.com,Spain,-2.44698205546493
2024-01-09 17:00:00,powelltribune.com,"State Park, Wyoming, United States",3.29861111111111
2024-01-09 17:00:00,wagmtv.com,"Alaska, United States",-2.40384615384615
2024-01-09 17:00:00,strathroytoday.ca,"Strathroy, Ontario, Canada",-7.61904761904762
2024-01-09 17:00:00,newcivilengineer.com,United Kingdom,-0.431034482758621
2024-01-09 17:00:00,techradar.com,"New York, United States",0.0
2024-01-09 17:00:00,walesonline.co.uk,"Carmarthenshire, Carmarthenshire, United Kingdom",-4.78468899521531
2024-01-09 17:00:00,montreal.ctvnews.ca,"Laurentians, Quebec, Canada",-4.76190476190476
2024-01-09 17:00:00,abc15.com,"Arizona, United States",0.0
2024-01-09 17:00:00,saultthisweek.com,Canada,-1.30813953488372
2024-01-09 17:00:00,mysuncoast.com,"Petersburg, Sankt-Peterburg, Russia",-4.43686006825939
2024-01-09 17:00:00,pressreleasepoint.com,United Kingdom,4.92957746478873
2024-01-01 00:00:00,modernghana.com,"Accra, Greater Accra, Ghana",9.34065934065934
2024-01-01 00:00:00,gulf-times.com,America,-3.52609308885755
2024-01-01 00:00:00,sbsun.com,"San Francisco, California, United States",-4.93827160493827
2024-01-01 00:00:00,eurasiareview.com,Ukraine,-5.52147239263804
2024-01-01 00:00:00,wvtm13.com,"Shelby County, Alabama, United States",-1.28307939053729
2024-01-01 00:00:00,cameroon-concord.com,"Kikot, Littoral, Cameroon",-2.09111277072442
2024-01-01 00:00:00,funkytaurusmedia.com,"Grand Canal Harbour, Dublin City, Ireland",0.874845615479622
2024-01-01 00:00:00,forbes.com,Sierra Leone,1.77838577291382
2024-01-01 00:00:00,meadvilletribune.com,"Minnesota, United States",-2.95302013422819
2024-01-01 00:00:00,meadvilletribune.com,"Californians, United States",-1.8450184501845
2024-01-01 00:00:00,yahoo.com,"Washington, Washington, United States",-1.82648401826484
2024-01-01 00:00:00,theonlinecitizen.com,"East Coast Park, Singapore (General), Singapore",-4.51388888888889
2024-01-01 00:00:00,brainerddispatch.com,"Minnesotans, United States",-2.07253886010363
2024-01-01 00:00:00,vernonmorningstar.com,America,-5.71234274056443
2024-01-01 00:00:00,grantcountybeat.com,Mexico,4.24028268551237
2024-01-01 00:00:00,portstephensexaminer.com.au,Netherlands,-0.988700564971751
2024-01-01 00:00:00,easternriverinachronicle.com.au,"Melbourne, Victoria, Australia",-0.988700564971751
2024-01-01 00:00:00,ctinsider.com,"Dallas, Texas, United States",-1.69014084507042
2024-01-01 00:00:00,timescolonist.com,Russia,-1.85185185185185
2024-01-01 00:00:00,thompsoncitizen.net,Canada,-1.85185185185185
2024-01-01 00:00:00,wabi.tv,Colombia,1.23674911660777
2024-01-01 00:00:00,cosmosmagazine.com,Greenland,-7.48175182481752
2024-01-01 00:00:00,abc30.com,Afghanistan,2.22222222222222
2024-01-01 00:00:00,japantoday.com,"Copenhagen, KøAvn*, Denmark",2.02808112324493
2024-01-01 00:00:00,accesswdun.com,"Paris, France (General), France",2.00308166409861
2024-01-01 00:00:00,araratadvertiser.com.au,Australian,-0.934579439252336
2024-01-01 00:00:00,araratadvertiser.com.au,Aussies,-0.934579439252336
2024-01-01 00:00:00,begadistrictnews.com.au,Australian,-0.934579439252336
2024-01-01 00:00:00,begadistrictnews.com.au,Aussies,-0.934579439252336
2024-01-01 00:00:00,easternriverinachronicle.com.au,Australian,-0.934579439252336
2024-01-01 00:00:00,easternriverinachronicle.com.au,"Canberra, Australian Capital Territory, Australia",-0.934579439252336
2024-01-01 00:00:00,easternriverinachronicle.com.au,Australian,-0.934579439252336
2024-01-01 00:00:00,easternriverinachronicle.com.au,Australian,-0.934579439252336
2024-01-01 00:00:00,illawarramercury.com.au,Australian,-0.934579439252336
2024-01-01 00:00:00,nvi.com.au,Australian,-0.934579439252336
2024-01-01 00:00:00,nvi.com.au,Aussies,-0.934579439252336
2024-01-01 00:00:00,southcoastregister.com.au,"Canberra, Australian Capital Territory, Australia",-0.91324200913242
2024-01-01 00:00:00,stawelltimes.com.au,Aussies,-0.934579439252336
2024-01-01 00:00:00,stawelltimes.com.au,Aussies,-0.934579439252336
2024-01-01 00:15:00,abc7chicago.com,Israeli,-1.49625935162095
2024-01-01 00:15:00,herald.co.zw,Armenia,1.45985401459854
2024-01-01 00:15:00,bangkokpost.com,"Bangkok, Krung Thep Mahanakhon, Thailand",-0.636942675159236
2024-01-01 00:15:00,laughingplace.com,Jersey,1.8957345971564
2024-01-01 00:15:00,lelezard.com,"Guanabara, Rio Grande Do Norte, Brazil",-1.29950495049505
2024-01-01 00:15:00,sacbee.com,"California, United States",0.224719101123596
2024-01-01 00:15:00,campusreform.org,"Indiana, United States",2.05128205128205
2024-01-01 00:15:00,abc57.com,"Louisiana, United States",0.539083557951483
2024-01-01 00:15:00,sis.gov.eg,Egyptian,2.46913580246914
2024-01-01 00:15:00,forbes.com,America,2.82752120640905
2024-01-01 00:15:00,twitchy.com,United States,-1.81488203266788
2024-01-01 00:15:00,theinvestor.vn,Vietnamese,6.14828209764919
2024-01-01 00:15:00,theprogress.com,"Kelowna, British Columbia, Canada",-5.71234274056443
2024-01-01 00:15:00,dailystar.co.uk,"Oregon, United States",-4.87364620938628
2024-01-01 00:15:00,hindustantimes.com,"Washington, Washington, United States",-1.47058823529412
2024-01-01 00:15:00,camdencourier.com.au,"Byron Bay, New South Wales, Australia",2.97723292469352
2024-01-01 00:15:00,greatlakesadvocate.com.au,"Byron Bay, New South Wales, Australia",2.97723292469352
2024-01-01 00:15:00,examiner.com.au,China,-0.988700564971751
2024-01-01 00:15:00,ctinsider.com,"Washington, Washington, United States",-1.69014084507042
2024-01-01 00:15:00,english.news.cn,Slovenia,1.45631067961165
2024-01-01 00:15:00,sarniathisweek.com,"Norfolk County, Ontario, Canada",0.0
2024-01-01 00:15:00,republika.co.id,"Jakarta, Jakarta Raya, Indonesia",2.64026402640264
2024-01-01 00:15:00,languagehat.com,"Barcelona, Comunidad Autonoma De Cataluna, Spain",0.31055900621118
2024-01-01 00:15:00,dailystar.co.uk,Spain,-4.39024390243902
2024-01-01 00:15:00,abc7chicago.com,Afghanistan,2.22222222222222
2024-01-01 00:15:00,margaretrivermail.com.au,"Dandenong, Victoria, Australia",0.925925925925926
2024-01-01 00:15:00,english.news.cn,Singaporeans,2.9520295202952
2024-01-01 00:15:00,english.news.cn,Singaporean,2.9520295202952
2024-01-01 00:15:00,manchestereveningnews.co.uk,Ukraine,2.07006369426752
2024-01-01 00:15:00,nbcwashington.com,Danish,2.07407407407407
2024-01-01 00:15:00,afr.com,Swedish,2.51798561151079
2024-01-01 00:15:00,camdencourier.com.au,Aussie,-0.934579439252336
2024-01-01 00:15:00,camdencourier.com.au,Aussie,-0.934579439252336
2024-01-01 00:15:00,examiner.com.au,Aussie,-0.934579439252336
2024-01-01 00:15:00,examiner.com.au,Australian,-0.934579439252336
2024-01-01 00:15:00,examiner.com.au,Aussies,-0.934579439252336
2024-01-01 00:15:00,gleninnesexaminer.com.au,"Canberra, Australian Capital Territory, Australia",-0.934579439252336
2024-01-01 00:15:00,gleninnesexaminer.com.au,Aussies,-0.934579439252336
2024-01-01 00:15:00,greatlakesadvocate.com.au,Aussie,-0.934579439252336
2024-01-01 00:15:00,greatlakesadvocate.com.au,Aussie,-0.934579439252336
2024-01-01 00:15:00,margaretrivermail.com.au,Aussies,-0.934579439252336
2024-01-01 00:15:00,margaretrivermail.com.au,Aussies,-0.934579439252336
2024-01-01 00:15:00,mudgeeguardian.com.au,Aussie,-0.91324200913242
2024-01-01 00:15:00,mudgeeguardian.com.au,"Canberra, Australian Capital Territory, Australia",-0.91324200913242
2024-01-01 00:15:00,northerndailyleader.com.au,Aussies,-0.934579439252336
2024-01-01 00:15:00,northerndailyleader.com.au,"Canberra, Australian Capital Territory, Australia",-0.934579439252336
2024-01-01 00:15:00,northerndailyleader.com.au,"Canberra, Australian Capital Territory, Australia",-0.934579439252336
2024-01-01 00:00:00,kassioun.org,Israeli,-3.68852459016393
2024-01-01 00:00:00,kassioun.org,Russian,-4.7951176983435
2024-01-01 00:00:00,kassioun.org,Ukraine,2.23166843783209
2024-01-01 00:00:00,saudiweb.net,Saudi Arabia,-0.715563506261181
2024-01-01 00:00:00,frognews.bg,Bulgaria,0.857142857142857
2024-01-01 00:00:00,molletama.cat,Spanish,0.0
2024-01-01 00:00:00,molletama.cat,"Barcelona, Comunidad Autonoma De Cataluna, Spain",2.22222222222222
2024-01-01 00:00:00,dewezet.de,"Moscow, Moskva, Russia",-1.8978102189781
2024-01-01 00:00:00,hna.de,Germany,-6.51955867602808
2024-01-01 00:00:00,vienna.at,Austria,1.16009280742459
2024-01-01 00:00:00,avgi.gr,Denmark,-0.490196078431372
2024-01-01 00:00:00,moottori.fi,Morocco,0.50314465408805
2024-01-01 00:00:00,lesnumeriques.com,South Korea,3.11890838206628
2024-01-01 00:00:00,lexpress.fr,"Matignon, Bretagne, France",-2.14067278287462
2024-01-01 00:00:00,pikiran-rakyat.com,"Bandung, Jawa Barat, Indonesia",2.1978021978022
2024-01-01 00:00:00,pugliapress.org,"Milan, Lombardia, Italy",0.735294117647059
2024-01-01 00:00:00,netpress.com.mk,United Kingdom,-3.31325301204819
2024-01-01 00:00:00,time.mk,Italian,0.289645184648805
2024-01-01 00:00:00,time.mk,"Suto Orizari, ŠUto Orizari, Macedonia",-1.62613122171946
2024-01-01 00:00:00,tv2.no,Denmark,0.0
2024-01-01 00:00:00,msnoticias.com.br,Brazil,0.110253583241455
2024-01-01 00:00:00,msnoticias.com.br,Brazil,-3.04347826086957
2024-01-01 00:00:00,newsmaker.md,Moldovans,4.06320541760722
2024-01-01 00:00:00,abc.com.py,Paraguay,-0.764525993883792
2024-01-01 00:00:00,argentinaforestal.com,Brazil,1.73410404624277
2024-01-01 00:00:00,diariodejerez.es,"Madrid, Madrid, Spain",0.210304942166141
2024-01-01 00:00:00,diariodejerez.es,Chinese,1.33928571428571
2024-01-01 00:00:00,elconfidencial.com,Spain,2.36768802228412
2024-01-01 00:00:00,elconfidencial.com,"Zaragoza, Baja California, Mexico",1.1070110701107
2024-01-01 00:00:00,eldiadecordoba.es,Spain,0.210304942166141
2024-01-01 00:00:00,eldiadecordoba.es,Chinese,1.33928571428571
2024-01-01 00:00:00,proceso.hn,El Salvador,0.371057513914657
2024-01-01 00:00:00,semana.com,"Mulalo, Valle Del Cauca, Colombia",-0.924641701340731
2024-01-01 00:00:00,semana.com,Colombia,-6.39344262295082
2024-01-01 00:00:00,termometroenlinea.com.mx,Cuba,-4.07288317256163
2024-01-01 00:00:00,termometroenlinea.com.mx,Haiti,-4.07288317256163
2024-01-01 00:00:00,termometroenlinea.com.mx,American,-4.07288317256163
2024-01-01 00:00:00,termometroenlinea.com.mx,Mexico,4.08163265306122
2024-01-01 00:00:00,termometroenlinea.com.mx,Mexico,4.08163265306122
2024-01-01 00:00:00,termometroenlinea.com.mx,Mexico,4.08163265306122
2024-01-01 00:00:00,atvlive.tv,Serbs,2.20440881763527
2024-01-01 00:00:00,kibrispostasi.com,"Istanbul, Istanbul, Turkey",-4.51045104510451
2024-01-01 00:00:00,nguoiduatin.vn,"Hanoi, Ha N?I, Vietnam, Republic Of",3.54796320630749
2024-01-01 00:00:00,nguoiduatin.vn,"Bac Lieu, B?C LiêVm, Vietnam, Republic Of",-1.84287099903007
2024-01-01 00:00:00,cnfol.com,China,-3.42205323193916
2024-01-01 00:00:00,ettvamerica.com,Taiwan,-5.18518518518518
2024-01-01 00:00:00,yangtse.com,Hong Kong,-0.50125313283208
2024-01-01 00:00:00,yangtse.com,China,2.82685512367491
2024-01-31 15:30:00,fox61.com,Japanese,-0.586264656616415
2024-01-31 15:30:00,wksn.com,"Oregon, United States",-5.3030303030303
2024-01-31 15:30:00,ncr-iran.org,Iranian,-6.91489361702128
2024-01-31 15:30:00,nga.org,Jersey,-0.0364298724954457
2024-01-31 15:30:00,ctnewsjunkie.com,"Connecticut, United States",0.517241379310345
2024-01-31 15:30:00,krod.com,"Texas, United States",-1.54394299287411
2024-01-31 15:30:00,autoblog.com,"New York, United States",-0.715563506261181
2024-01-31 15:30:00,english.radio.cz,Czech,0.315457413249211
2024-01-31 15:30:00,iowapublicradio.org,"Hawaii, United States",2.44328097731239
2024-01-31 15:30:00,streetinsider.com,Italy,5.51470588235294
2024-01-31 15:30:00,prnewswire.com,"Maryland, United States",5.32544378698225
2024-01-31 15:30:00,newsletter.co.uk,United Kingdom,-1.63934426229508
2024-01-31 15:30:00,oedigital.com,India,2.92553191489362
2024-01-31 15:30:00,sentinelassam.com,"Ladakh, Jammu And Kashmir, India",-0.539083557951483
2024-01-31 15:30:00,iheart.com,American,0.0
2024-01-31 15:30:00,iheart.com,American,0.0
2024-01-31 15:30:00,iheart.com,American,0.0
2024-01-31 15:30:00,iheart.com,American,0.0
2024-01-31 15:30:00,upstreamonline.com,Irish,0.0
2024-01-31 15:30:00,trendydigests.com,Finnish,-2.76243093922652
2024-01-31 15:30:00,oedigital.com,United Kingdom,1.52091254752852
2024-01-31 15:30:00,oedigital.com,South Korea,1.55038759689922
2024-01-31 15:30:00,amny.com,"New York, United States",-1.1378002528445
2024-01-31 15:30:00,voanews.com,Somali,-8.69565217391304
2024-01-31 15:30:00,cbc.ca,British,-1.34952766531714
2024-01-31 15:30:00,upstreamonline.com,"Norwegian Sea, Oceans (General), Oceans",-1.58730158730159
2024-01-31 15:30:00,calgaryherald.com,Spain,-0.117600940807526
2024-01-31 15:30:00,mfa.gov.lv,Singapore,0.0
2024-01-31 15:30:00,publicradioeast.org,"North Carolina, United States",-0.813008130081301
2024-01-31 15:30:00,theaustralian.com.au,France,-5.26315789473684
2024-01-31 15:30:00,aol.com,"Bengaluru, Karnataka, India",4.36893203883495
2024-01-31 15:30:00,bangkokpost.com,Russia,-2.06022187004754
2024-01-31 15:30:00,globenewswire.com,America,-4.10677618069815
2024-01-31 15:30:00,finanznachrichten.de,Canada,-0.0580720092915215
2024-01-31 15:30:00,finanznachrichten.de,Ireland,-0.416281221091581
2024-01-31 15:30:00,finanznachrichten.de,Scotland,-0.544152744630071
2024-01-31 15:30:00,finanznachrichten.de,"Bangalore, Karnataka, India",1.7490494296578
2024-01-31 15:30:00,qconline.com,"Iowa, United States",-5.59633027522936
2024-01-31 15:30:00,mirror.co.uk,United Kingdom,-0.285714285714286
2024-01-31 15:30:00,localgov.co.uk,United Kingdom,-1.00502512562814
2024-01-31 15:30:00,gasworld.com,Belgium,0.0
2024-01-31 15:30:00,wkrb13.com,"Parkside, New York, United States",1.42977291841884
2024-01-31 15:30:00,tickerreport.com,America,1.92307692307692
2024-01-31 15:30:00,connexionfrance.com,British,-2.45183887915937
2024-01-31 15:30:00,yahoo.com,Switzerland,-0.375763269140442
2024-01-31 15:30:00,streetinsider.com,Netherlands,-0.329877474081055
2024-01-31 15:30:00,streetinsider.com,"Quebec, Quebec, Canada",0.270087778528021
2024-01-31 15:30:00,africa-newsroom.com,Tunisia,0.137931034482758
2024-01-31 15:30:00,gasworld.com,"Red Bluff, California, United States",2.39651416122004
2024-01-31 15:30:00,thailand-business-news.com,China,3.45622119815668
2024-01-31 15:30:00,kesq.com,Ukrainian,-3.87263339070568
2024-01-31 15:30:00,wnd.com,"Floridians, United States",0.77319587628866
2024-01-31 15:30:00,connexionfrance.com,Canada,-2.53411306042885
2024-01-31 15:30:00,greensboro.com,"Oyster Bay, New York, United States",-0.8274231678487
2024-01-31 15:30:00,opb.org,"Bridlemile, Oregon, United States",-3.74170187085094
2024-01-31 15:30:00,kios.org,"New York, United States",2.44328097731239
2024-01-31 15:30:00,qconline.com,"Oyster Bay, New York, United States",-0.8274231678487
2024-01-31 15:30:00,theenterpriseleader.com,Hong Kong,1.48698884758364
2024-01-31 15:30:00,wkrb13.com,Hong Kong,1.48698884758364
2024-01-31 15:30:00,prnewswire.com,"Bangalore, Karnataka, India",2.96367112810707
2024-01-31 15:30:00,theeagle.com,"Oyster Bay, New York, United States",-0.8274231678487
2024-01-31 15:30:00,theenterpriseleader.com,"New York, United States",1.60880609652837
2024-01-31 15:30:00,worldcrunch.com,Venezuelan,-3.6734693877551
2024-01-31 15:30:00,galioninquirer.com,"Galion, Ohio, United States",-0.493827160493827
2024-01-31 15:30:00,themarketsdaily.com,American,1.59010600706714
2024-01-31 15:30:00,tickerreport.com,"New York, United States",1.72018348623853
2024-01-31 15:30:00,miragenews.com,"Dresden, Sachsen, Germany",6.03085553997195
2024-01-31 15:30:00,thailand-business-news.com,Thailand,5.43318649045521
2024-01-31 15:30:00,canadianmanufacturing.com,Canadian,3.65398956002983
2024-01-31 15:30:00,wharfedaleobserver.co.uk,United Kingdom,0.263504611330698
2024-01-31 15:30:00,sloughobserver.co.uk,"London, London, City Of, United Kingdom",0.263504611330698
2024-01-31 15:30:00,barryanddistrictnews.co.uk,United Kingdom,0.263504611330698
2024-01-31 15:30:00,warringtonguardian.co.uk,United Kingdom,0.263504611330698
2024-01-31 15:30:00,asianimage.co.uk,"London, London, City Of, United Kingdom",0.263504611330698
2024-01-31 15:30:00,somersetcountygazette.co.uk,"London, London, City Of, United Kingdom",0.263504611330698
2024-01-31 15:30:00,kilburntimes.co.uk,United Kingdom,0.263504611330698
2024-01-31 15:30:00,wandsworthguardian.co.uk,"London, London, City Of, United Kingdom",0.263504611330698
2024-01-31 15:30:00,dunmowbroadcast.co.uk,"London, London, City Of, United Kingdom",0.263504611330698
2024-01-31 15:30:00,messengernewspapers.co.uk,United Kingdom,0.263504611330698
2024-01-31 15:30:00,malverngazette.co.uk,United Kingdom,0.263504611330698
2024-01-31 15:30:00,visionmp.com,"Tamil Nadu, Tamil Nadu, India",0.758533501896334
2024-01-31 15:30:00,naharnet.com,Saudi Arabia,-1.65289256198347
2024-01-31 15:30:00,naharnet.com,Chile,-5.48523206751055
2024-01-31 15:30:00,galioninquirer.com,American,-1.55038759689922
2024-01-31 15:30:00,grandforksgazette.ca,"Okanagan, British Columbia, Canada",-0.50632911392405
2024-01-31 15:30:00,naharnet.com,"Brussels, Bruxelles-Capitale, Belgium",-8.01282051282051
2024-01-31 15:30:00,yahoo.com,"New York, United States",2.78422273781903
2024-01-31 15:30:00,yle.fi,Afghanistan,-2.26700251889169
2024-01-31 15:30:00,allafrica.com,Iran,-7.87234042553191
2024-01-31 15:30:00,hydrocarbonprocessing.com,Norwegian,0.0
2024-01-31 15:30:00,hydrocarbonprocessing.com,"Kansas, United States",-3.65296803652968
2024-01-31 15:30:00,wboc.com,"Baylor University, Texas, United States",-5.65015479876161
2024-01-31 15:30:00,wboc.com,China,-1.86304128902316
2024-01-31 15:30:00,wboc.com,Belgium,-4.96
2024-01-31 15:30:00,cointelegraph.com,United States,-0.72463768115942
2024-01-31 15:30:00,aninews.in,"New Delhi, Delhi, India",-2.55813953488372
2024-01-31 15:30:00,cnbc.com,German,4.04624277456647
2024-01-31 15:30:00,marketscreener.com,"London, London, City Of, United Kingdom",-0.546815042210284
2024-01-31 15:30:00,marketscreener.com,America,-3.96825396825397
2024-01-31 15:30:00,marketscreener.com,China,-0.510615425960763
2024-01-31 15:30:00,marketscreener.com,American,0.13262599469496
2024-01-31 15:30:00,thehindubusinessline.com,"Baroda, Gujarat, India",-0.177935943060498
2024-01-31 15:30:00,thehindubusinessline.com,India,-1.27504553734062
2024-01-31 15:30:00,thehindubusinessline.com,United Kingdom,1.35135135135135
2024-01-31 15:30:00,dmcityview.com,Russia,1.07619457597934
2024-01-31 15:30:00,nagariknetwork.com,"Kathmandu, Bagmati, Nepal",-1.7515923566879
2024-01-31 15:30:00,wdsu.com,"California, United States",1.08864696734059
2024-01-31 15:15:00,15min.lt,Poland,0.892857142857143
2024-01-31 15:15:00,abc.com.py,Colombia,-1.78970917225951
2024-01-31 15:15:00,abc.com.py,Canada,-1.45833333333333
2024-01-31 15:15:00,adiac-congo.com,Congo,1.42857142857143
2024-01-31 15:15:00,aif.ru,Ecuador,-1.171875
2024-01-31 15:15:00,aktiencheck.de,Turkey,-8.63636363636364
2024-01-31 15:15:00,aktiencheck.de,"Athens, AttikíR, Greece",-8.63636363636364
2024-01-31 15:15:00,albawabhnews.com,"Cairo, Al Qahirah, Egypt",-2.72108843537415
2024-01-31 15:15:00,albawabhnews.com,Egypt,1.29032258064516
2024-01-31 15:15:00,almasryalyoum.com,"Al Madamud, Muhafazat Al Uqsur, Egypt",5.25606469002695
2024-01-31 15:15:00,almasryalyoum.com,French,-7.00934579439252
2024-01-31 15:15:00,almasryalyoum.com,"Alexandria, Al Iskandariyah, Egypt",-3.36134453781513
2024-01-31 15:15:00,almasryalyoum.com,Egypt,1.02827763496144
2024-01-31 15:15:00,almasryalyoum.com,"Ismailia, Al Isma‘Iliyah, Egypt",3.63101079489696
2024-01-31 15:15:00,almasryalyoum.com,"Toshka, Aswan, Egypt",0.305810397553517
2024-01-31 15:15:00,almasryalyoum.com,"Minya, Al Minya, Egypt",-5.12820512820513
2024-01-31 15:15:00,alvolante.it,Canada,3.58744394618834
2024-01-31 15:15:00,analisadaily.com,"Sumatra, Indonesia (General), Indonesia",1.96078431372549
2024-01-31 15:15:00,analisadaily.com,"North Sumatra, Sumatera Utara, Indonesia",-0.867052023121388
2024-01-31 15:15:00,ansa.it,"Olbia, Sardegna, Italy",-0.784313725490196
2024-01-31 15:15:00,az-online.de,Greece,-3.27485380116959
2024-01-31 15:15:00,bankingnews.gr,"Panormos, Perifereia Stereas Elladas, Greece",1.03857566765579
2024-01-31 15:15:00,baomoi.com,"Hanoi, Ha N?I, Vietnam, Republic Of",-4.24028268551237
2024-01-31 15:15:00,baomoi.com,Vietnam,0.489396411092985
2024-01-31 15:15:00,baoxaydung.com.vn,Vietnam,0.528169014084507
2024-01-31 15:15:00,blitz.bg,"London, London, City Of, United Kingdom",-3.33048676345004
2024-01-31 15:15:00,boursorama.com,Britain,-2.18446601941748
2024-01-31 15:15:00,boursorama.com,"Alaskan, United States",-1.12676056338028
2024-01-31 15:15:00,canalrural.com.br,"Sao Paulo, SãPaulo, Brazil",0.0
2024-01-31 15:15:00,clarin.com,Argentina,-1.3953488372093
2024-01-31 15:15:00,come-on.de,Greece,-3.28253223915592
2024-01-31 15:15:00,critica.com.pa,Colombia,-4.16666666666667
2024-01-31 15:15:00,dailyinqilab.com,Bangladesh,-3.26086956521739
2024-01-31 15:15:00,danas.rs,Serbia,0.746268656716418
2024-01-31 15:15:00,dbalears.cat,Palestine,-1.85909980430528
2024-01-31 15:15:00,di.se,Sweden,1.40845070422535
2024-01-31 15:15:00,diariodeleon.es,"Puebla, Puebla, Mexico",-3.37078651685393
2024-01-31 15:15:00,dnn.de,Australian,-1.91657271702368
2024-01-31 15:15:00,dnn.de,Italy,-3.6
2024-01-31 15:15:00,dostor.org,"Muhafazat Janub Sina, Janub Sina', Egypt",0.223713646532439
2024-01-31 15:15:00,dw.com,China,0.258231116849581
2024-01-31 15:15:00,eastmoney.com,"Huaxin, Shanghai, China",-3.80205190102595
2024-01-31 15:15:00,eastmoney.com,China,0.826446280991735
2024-01-31 15:15:00,eastmoney.com,Chinese,-4.64285714285714
2024-01-31 15:15:00,editorialedomani.it,Italian,-2.71966527196653
2024-01-31 15:15:00,eldiadigital.es,"London, London, City Of, United Kingdom",1.45631067961165
2024-01-31 15:15:00,eldiadigital.es,Spain,2.95358649789029
2024-01-31 15:15:00,eldiariodelarepublica.com,"La Libertad, Santiago Del Estero, Argentina",1.66320166320166
2024-01-31 15:15:00,elfagr.org,"Muhafazat Ad Daqahliyah, Ad Daqahliyah, Egypt",0.190839694656489
2024-01-31 15:15:00,elfagr.org,"Shusha, Al Minya, Egypt",-2.88713910761155
2024-01-31 15:15:00,elfagr.org,"Ismailia, Al Isma‘Iliyah, Egypt",1.03734439834025
2024-01-31 15:15:00,elpais.cr,Spain,3.61842105263158
2024-01-31 15:15:00,elwatannews.com,British,-8.79120879120879
2024-01-31 15:15:00,emol.com,Belgium,-4.80961923847695
2024-01-31 15:15:00,ensonhaber.com,Uzbekistan,3.9906103286385
2024-01-31 15:15:00,ethnos.gr,"Athens, AttikíR, Greece",1.68634064080944
2024-01-31 15:15:00,ethnos.gr,"Kalambaka, Perifereia Thessalias, Greece",0.602409638554217
2024-01-31 15:15:00,ettoday.net,"Lixiang, Zhanghua Xian, Taiwan",0.247524752475248
2024-01-31 15:15:00,euractiv.cz,Russian,-0.606060606060606
2024-01-31 15:15:00,europapress.tv,"Cadiz, AndalucíSp, Spain",2.72727272727273
2024-01-31 15:15:00,fanpage.it,Algeria,0.728597449908925
2024-01-31 15:15:00,finanznachrichten.de,Greece,-6.45161290322581
2024-01-31 15:15:00,fjsen.com,Taiwan,2.75344180225282
2024-01-31 15:15:00,fjsen.com,"Fujian, Fujian, China",3.559510567297
2024-01-31 15:15:00,fjsen.com,"Heilongjiang, Heilongjiang, China",4.76190476190476
2024-01-31 15:15:00,fjsen.com,"Fujian, Fujian, China",3.38164251207729
2024-01-31 15:15:00,fnp.de,Norway,-4.16666666666667
2024-01-31 15:15:00,glassrpske.com,Serbian,5.6221198156682
2024-01-31 15:15:00,gorod48.ru,Russia,-2.29007633587786
2024-01-31 15:15:00,greenme.it,Austria,-2.02702702702703
2024-01-31 15:15:00,greenme.it,France,-3.65659777424483
2024-01-31 15:15:00,harianhaluan.com,"Nusa Tenggara, Indonesia (General), Indonesia",1.49700598802395
2024-01-31 15:15:00,hespress.com,"Rabat, Rabat-SaléEmmour-ZaëMo, Morocco",0.170648464163823
2024-01-31 15:15:00,jinghua.cn,Iraq,-8.50622406639004
2024-01-31 15:15:00,jornaldenegocios.pt,"Brussels, Bruxelles-Capitale, Belgium",3.59116022099448
2024-01-31 15:15:00,kalabakacity.gr,"Kassandra, Perifereia Kentrikis Makedonias, Greece",-3.71747211895911
2024-01-31 15:15:00,kathimerini.gr,Portuguese,-7.04225352112676
2024-01-31 15:15:00,kathimerini.gr,"Kassandra, Perifereia Kentrikis Makedonias, Greece",-5.76923076923077
2024-01-31 15:15:00,kn-online.de,Australian,-1.91657271702368
2024-01-31 15:15:00,kosova-sot.info,Serbia,-0.436205016357688
2024-01-31 15:15:00,kosova-sot.info,Kosovo,-0.940438871473354
2024-01-31 15:15:00,kreiszeitung.de,"Saxony, Sachsen, Germany",-1.27226463104326
2024-01-31 15:15:00,kuna.net.kw,"Riyadh, Ar Riya?, Saudi Arabia",-2.82828282828283
2024-01-31 15:15:00,kuna.net.kw,Kuwait,0.540540540540541
2024-01-31 15:15:00,kuna.net.kw,Kuwait,3.36134453781513
2024-01-31 15:15:00,lacerca.com,Spanish,-0.702576112412178
2024-01-31 15:15:00,lacerca.com,Honduras,1.75932441942294
2024-01-31 15:15:00,ladigetto.it,"Bolzano, Trentino-Alto Adige, Italy",-2.10124164278892
2024-01-31 15:15:00,ladigetto.it,"Bolzano, Trentino-Alto Adige, Italy",-2.10124164278892
2024-01-31 15:15:00,lagazettedescommunes.com,"Cherbourg, Basse-Normandie, France",4.69314079422383
2024-01-31 15:15:00,lagazettedescommunes.com,Italy,3.02267002518892
2024-01-31 15:15:00,laopinion.com.co,Peru,-0.74074074074074
2024-01-31 15:15:00,laprovence.com,Russia,2.44755244755245
2024-01-31 15:15:00,larep.fr,"Rouen, Haute-Normandie, France",1.48063781321184
2024-01-31 15:15:00,lavozdegalicia.es,Iceland,0.0
2024-01-31 15:15:00,lavozdigital.es,"Andalusia, Spain (General), Spain",1.3840830449827
2024-01-31 15:15:00,leberry.fr,"Rouen, Haute-Normandie, France",1.48063781321184
2024-01-31 15:15:00,lechorepublicain.fr,"Rouen, Haute-Normandie, France",1.48063781321184
2024-01-31 15:15:00,lefigaro.fr,"Alaskan, United States",-1.61725067385445
2024-01-31 15:15:00,lejdd.fr,Dutch,0.0
2024-01-31 15:15:00,levif.be,"Wavre, Waals Gewest, Belgium",-1.56398104265403
2024-01-31 15:15:00,levif.be,America,-0.975609756097561
2024-01-31 15:15:00,lv12.com.ar,"Saenz Pena, Buenos Aires, Argentina",3.8280725319006
2024-01-31 15:15:00,lv12.com.ar,Republica Argentina,0.854700854700854
2024-01-31 15:15:00,lv12.com.ar,Argentina,-0.865800865800865
2024-01-31 15:15:00,m24.ru,Russia,-5.18134715025907
2024-01-31 15:15:00,marca.com,"Bogota, Cundinamarca, Colombia",-0.515995872033024
2024-01-31 15:15:00,marieclaire.it,"Milan, Lombardia, Italy",-5.03311258278146
2024-01-31 15:15:00,merkur.de,Germany,0.284090909090909
2024-01-31 15:15:00,mkd.mk,Slovenia,-3.14009661835749
2024-01-31 15:15:00,mkd.mk,"Berovo, Berovo, Macedonia",0.0
2024-01-31 15:15:00,n-mar.ru,"Makhachkala, Dagestan, Russia",-3.48525469168901
2024-01-31 15:15:00,nd-aktuell.de,Germany,-2.55009107468124
2024-01-31 15:15:00,nd-aktuell.de,Belgium,-1.82370820668693
2024-01-31 15:15:00,neuepresse.de,Americans,-1.91657271702368
2024-01-31 15:15:00,newratings.de,"Athens, AttikíR, Greece",-7.94979079497908
2024-01-31 15:15:00,news.dahe.cn,China,-2.80112044817927
2024-01-31 15:15:00,news.day.az,Russia,-4.05405405405405
2024-01-31 15:15:00,news.gov.hk,French,-5.80474934036939
2024-01-31 15:15:00,nnov.kp.ru,"Dzerzhinsk, Nizhegorodskaya Oblast', Russia",-0.947867298578199
2024-01-31 15:15:00,noticiasaominuto.com,Ukrainian,0.232558139534884
2024-01-31 15:15:00,noticiasaominuto.com,France,1.75438596491228
2024-01-31 15:15:00,ntv.com.tr,"Damascus, Dimashq, Syria",3.53982300884956
2024-01-31 15:15:00,ntv.com.tr,Turkey,-5.3156146179402
2024-01-31 15:15:00,offsite.com.cy,Cyprus,2.87581699346405
2024-01-31 15:15:00,op-marburg.de,Australian,-1.91657271702368
2024-01-31 15:15:00,orientaldaily.com.my,"Kuala Lumpur, Kuala Lumpur, Malaysia",-4.48877805486284
2024-01-31 15:15:00,ostsee-zeitung.de,German,-2.86885245901639
2024-01-31 15:15:00,ostsee-zeitung.de,Americans,-1.91657271702368
2024-01-31 15:15:00,ostsee-zeitung.de,Germany,4.36507936507936
2024-01-31 15:15:00,parbattanews.com,"Bandarban District, Chittagong, Bangladesh",-5.0
2024-01-31 15:15:00,patrisnews.com,"Paris, France (General), France",2.35507246376812
2024-01-31 15:15:00,patrisnews.com,"Kassandra, Perifereia Kentrikis Makedonias, Greece",-3.7037037037037
2024-01-31 15:15:00,patrisnews.com,"Kalo Nero, Perifereia Thessalias, Greece",-0.232018561484919
2024-01-31 15:15:00,plazadearmas.com.mx,Suede,-3.34928229665072
2024-01-31 15:15:00,polski.fm,Mexico,-8.87573964497041
2024-01-31 15:15:00,portalspozywczy.pl,"Silesia, Poland (General), Poland",-1.43884892086331
2024-01-31 15:15:00,pourquoidocteur.fr,France,-3.47551342812006
2024-01-31 15:15:00,prachachat.net,Ireland,-1.6926201760325
2024-01-31 15:15:00,pressorg24.com,Russian,-0.396825396825397
2024-01-31 15:15:00,puntonoticias.com,Argentina,0.980392156862746
2024-01-31 15:15:00,r7.com,Brazil,0.666666666666667
2024-01-31 15:15:00,radio-monaco.com,Netherlands,0.75187969924812
2024-01-31 15:15:00,rbc.ru,Russia,-5.02793296089385
2024-01-31 15:15:00,rbc.ru,Russian,-4.22163588390501
2024-01-31 15:15:00,republika.co.id,"Jakarta, Jakarta Raya, Indonesia",-2.94985250737463
2024-01-31 15:15:00,rt.com,Poland,-3.11244979919679
2024-01-31 15:15:00,rtn.ch,Swiss,1.46627565982405
2024-01-31 15:15:00,rtvslo.si,Brazil,-3.3112582781457
2024-01-31 15:15:00,rus.delfi.lv,India,-3.29218106995885
2024-01-31 15:15:00,russian.news.cn,"Beijing, Beijing, China",0.826446280991736
2024-01-31 15:15:00,russian.news.cn,"Taiwan Strait, Taiwan (General), Taiwan",6.47058823529412
2024-01-31 15:15:00,saidaonline.com,Morocco,-10.2296450939457
2024-01-31 15:15:00,samaylive.com,"Uttar Pradesh, Uttar Pradesh, India",1.42348754448399
2024-01-31 15:15:00,sohu.com,"Dubai, Dubayy, United Arab Emirates",2.56260920209668
2024-01-31 15:15:00,sohu.com,Chile,13.4370579915134
2024-01-31 15:15:00,sohu.com,"Florida, United States",-5.13670256835128
2024-01-31 15:15:00,sohu.com,"Phuket, Phuket, Thailand",-0.436257876878333
2024-01-31 15:15:00,sohu.com,"Hainan, Hainan, China",4.57063711911357
2024-01-31 15:15:00,sohu.com,Chinese,2.24833929483904
2024-01-31 15:15:00,solopos.com,"Tuntang, Nusa Tenggara Barat, Indonesia",0.880281690140845
2024-01-31 15:15:00,solopos.com,Japan,-3.59897172236504
2024-01-31 15:15:00,sonara.net,"Jerusalem, Israel (General), Israel",-7.02247191011236
2024-01-31 15:15:00,spektrum.de,Uganda,-2.97356828193833
2024-01-31 15:15:00,sputnik-georgia.com,"Tbilisi, Georgia (General), Georgia",0.483091787439613
2024-01-31 15:15:00,sueddeutsche.de,Palestinian,-3.82513661202186
2024-01-31 15:15:00,surgiu.com.br,Brazilian,3.37738619676946
2024-01-31 15:15:00,targatocn.it,French,-0.485436893203884
2024-01-31 15:15:00,terra.com.br,"Goiania, GoiáBr, Brazil",-4.70588235294118
2024-01-31 15:15:00,ttela.se,Sweden,0.40983606557377
2024-01-31 15:15:00,ttela.se,Swedish,-3.125
2024-01-31 15:15:00,uol.com.br,Netherlands,-0.628930817610063
2024-01-31 15:15:00,varna24.bg,Bulgarian,2.24719101123595
2024-01-31 15:15:00,welt.de,Russian,-1.81818181818182
2024-01-31 15:15:00,wired.it,Chinese,1.34529147982063
2024-01-31 15:15:00,yangtse.com,Chinese,4.5346062052506
2024-01-31 15:15:00,ziarelive.ro,Japanese,-0.852272727272727
2024-01-31 15:15:00,ziarelive.ro,"Paris, France (General), France",0.0
2024-01-31 15:15:00,15min.lt,"Klaipeda, Klaipedos Apskritis, Lithuania",-6.84133915574964
2024-01-31 15:15:00,15min.lt,"Klaipeda, Klaipedos Apskritis, Lithuania",-6.84133915574964
2024-01-31 15:15:00,163.com,Persia,4.50346420323326
2024-01-31 15:15:00,1in.am,China,3.41880341880342
2024-01-31 15:15:00,almasryalyoum.com,United Arab Emirates,0.684931506849315
2024-01-31 15:15:00,alo.rs,Macedonia,-5.63380281690141
2024-01-31 15:15:00,ansa.it,French,1.20967741935484
2024-01-31 15:15:00,ansa.it,"Udine, Friuli-Venezia Giulia, Italy",-2.88461538461538
2024-01-31 15:15:00,aujourdhui.ma,"Tizi, Marrakech-Tensift-Al Haouz, Morocco",-0.121065375302663
2024-01-31 15:15:00,canarias24horas.com,Belgium,2.89855072463768
2024-01-31 15:15:00,corsematin.com,France,1.35135135135135
2024-01-31 15:15:00,corsematin.com,"Bastia, Corse, France",-2.22222222222222
2024-01-31 15:15:00,critica.com.pa,"Antioquia, Cundinamarca, Colombia",-4.48979591836735
2024-01-31 15:15:00,dostor.org,"Helwan, Egypt (General), Egypt",-2.12765957446809
2024-01-31 15:15:00,eldiadigital.es,"London, London, City Of, United Kingdom",-2.58064516129032
2024-01-31 15:15:00,elsiglodetorreon.com.mx,Japanese,-0.65252854812398
2024-01-31 15:15:00,energias-renovables.com,Spain,-0.304878048780488
2024-01-31 15:15:00,eyjar.net,"Vestmannaeyjar, SuðAnd, Iceland",-1.1441647597254
2024-01-31 15:15:00,franceguyane.fr,France,-3.44332855093257
2024-01-31 15:15:00,frifagbevegelse.no,Norwegian,1.60701241782323
2024-01-31 15:15:00,greenme.it,Spain,-1.53846153846154
2024-01-31 15:15:00,greenme.it,Italian,2.58426966292135
2024-01-31 15:15:00,gva.be,Iraq,-3.45911949685535
2024-01-31 15:15:00,huffingtonpost.it,Argentina,-4.30379746835443
2024-01-31 15:15:00,idenyt.dk,Greek,3.6036036036036
2024-01-31 15:15:00,jyllands-posten.dk,Ukraine,-2.00803212851406
2024-01-31 15:15:00,korrespondent.net,Canadian,-5.5
2024-01-31 15:15:00,lagazzettadelmezzogiorno.it,"Mediolanum, Lombardia, Italy",1.9047619047619
2024-01-31 15:15:00,larena.it,"Rome, Lazio, Italy",4.56273764258555
2024-01-31 15:15:00,lasicilia.it,Italy,4.47761194029851
2024-01-31 15:15:00,laverdadonline.com,"Junin, Mendoza, Argentina",-0.982800982800983
2024-01-31 15:15:00,lemonde.fr,India,-5.37037037037037
2024-01-31 15:15:00,levif.be,Greenland,0.279134682484299
2024-01-31 15:15:00,madmoizelle.com,Italian,2.79441117764471
2024-01-31 15:15:00,madmoizelle.com,French,2.70935960591133
2024-01-31 15:15:00,masrawy.com,"Wizarat Ad Dakhiliyah, Al Qahirah, Egypt",-0.787401574803149
2024-01-31 15:15:00,meinbezirk.at,"Lungau, Salzburg, Austria",0.974025974025974
2024-01-31 15:15:00,meinbezirk.at,"Kaltbrunn, NiederöRreich, Austria",1.49253731343284
2024-01-31 15:15:00,midilibre.fr,"Beziers, Languedoc-Roussillon, France",2.57611241217799
2024-01-31 15:15:00,mundoejecutivo.com.mx,Suede,3.39943342776204
2024-01-31 15:15:00,news.dahe.cn,"Dongping, Henan, China",0.0
2024-01-31 15:15:00,news.fidelityhouse.eu,Italy,6.14334470989761
2024-01-31 15:15:00,nicematin.com,France,-1.92307692307692
2024-01-31 15:15:00,notiziediprato.it,Italian,0.0
2024-01-31 15:15:00,notiziediprato.it,Chinese,-2.7027027027027
2024-01-31 15:15:00,ntv.com.tr,"Black Sea, Oceans (General), Oceans",-4.08163265306122
2024-01-31 15:15:00,pikiran-rakyat.com,Indonesia,0.0
2024-01-31 15:15:00,pikiran-rakyat.com,Indonesia,0.0
2024-01-31 15:15:00,pourquoidocteur.fr,France,-3.75722543352601
2024-01-31 15:15:00,r7.com,Italian,-0.819672131147541
2024-01-31 15:15:00,rt.com,"Ekaterinburg, Sverdlovskaya Oblast', Russia",0.0
2024-01-31 15:15:00,saidaonline.com,Lebanon,-1.73160173160173
2024-01-31 15:15:00,sohu.com,"Hunan, Jiangsu, China",-0.581395348837209
2024-01-31 15:15:00,sonara.net,"Jerusalem, Israel (General), Israel",-12.1428571428571
2024-01-31 15:15:00,sot.com.al,Albanian,-13.8613861386139
2024-01-31 15:15:00,special.tass.ru,Ukrainian,-2.38095238095238
2024-01-31 15:15:00,sputniknews.africa,"Moscow, Moskva, Russia",-2.96296296296296
2024-01-31 15:15:00,stiripesurse.ro,Romania,-7.27848101265823
2024-01-31 15:15:00,sudouest.fr,"Gironde, Aquitaine, France",1.33333333333333
2024-01-31 15:15:00,targatocn.it,Italy,2.84810126582278
2024-01-31 15:15:00,ttela.se,Poland,4.9618320610687
2024-01-31 15:15:00,udn.com,China,-3.72340425531915
2024-01-31 15:15:00,unian.ua,"Zhitomir, Zhytomyrs'ka Oblast', Ukraine",-6.75675675675676
2024-01-31 15:15:00,varmatin.com,France,-1.92307692307692
2024-01-31 15:15:00,vsd.fr,France,-4.6218487394958
2024-01-31 15:15:00,vtv.vn,"Hanoi, Ha N?I, Vietnam, Republic Of",0.833333333333333
2024-01-31 15:15:00,vtv.vn,Russian,-2.09713024282561
2024-01-31 15:15:00,yangtse.com,"Yangtze, China (General), China",-1.58940397350993
2024-01-31 15:15:00,yangtse.com,"Guizhou, Hubei, China",-1.58940397350993
2024-01-31 15:15:00,zerounoweb.it,Italy,1.33657351154313
2024-01-31 23:45:00,troyrecord.com,America,-1.06149341142021
2024-01-31 23:45:00,greeleytribune.com,"White House, District Of Columbia, United States",-1.06149341142021
2024-01-31 23:45:00,reporterherald.com,Americans,-1.06149341142021
2024-01-31 23:45:00,bangkokpost.com,The Philippines,-3.37209302325581
2024-01-31 23:45:00,dailyexcelsior.com,United States,-0.130633572828216
2024-01-31 23:45:00,dailyexcelsior.com,Ukraine,2.19023779724656
2024-01-31 23:45:00,columbian.com,"-Twin Falls, Idaho, United States",-1.61812297734628
2024-01-31 23:45:00,myleaderpaper.com,"Illinois, United States",-1.2448132780083
2024-01-31 23:45:00,marketscreener.com,"Wichita, Kansas, United States",0.909090909090909
2024-01-31 23:45:00,courant.com,"Reedy Creek, Florida, United States",-2.40295748613678
2024-01-31 23:45:00,tdn.com,Americans,2.55164034021871
2024-01-31 23:45:00,courant.com,America,-1.06149341142021
2024-01-31 23:45:00,newswise.com,"Paris, France (General), France",1.35685210312076
2024-01-31 23:45:00,newswise.com,United Kingdom,1.35685210312076
2024-01-31 23:45:00,businessfacilities.com,"Arizona, United States",6.71532846715329
2024-01-31 23:45:00,lelezard.com,United States,0.0714796283059331
2024-01-31 23:45:00,wkmi.com,"Great Plains, Kansas, United States",-0.187617260787993
2024-01-31 23:45:00,forimmediaterelease.net,Malta,4.61741424802111
2024-01-31 23:45:00,oilandgas360.com,Guyana,-4.00832899531494
2024-01-31 23:45:00,juniorminingnetwork.com,British,2.00633579725449
2024-01-31 23:45:00,newswise.com,France,-0.380952380952381
2024-01-31 23:45:00,newswise.com,France,-0.380952380952381
2024-01-31 23:45:00,witl.com,"Michigan, United States",-2.10280373831776
2024-01-31 23:45:00,thepiratescove.us,"Pennsylvania, United States",-6.48769574944072
2024-01-31 23:45:00,abc7.com,"Reedy Creek, Florida, United States",-6.80147058823529
2024-01-31 23:45:00,abc7ny.com,"Reedy Creek, Florida, United States",-6.80147058823529
2024-01-31 23:45:00,greeleytribune.com,United States,-5.50943396226415
2024-01-31 23:45:00,courant.com,"Baylor University, Texas, United States",-5.50943396226415
2024-01-31 23:45:00,wokv.com,"Massachusetts, United States",-5.55133079847909
2024-01-31 23:45:00,greeleytribune.com,"Washington, Washington, United States",-5.64102564102564
2024-01-31 23:45:00,wokv.com,Americans,-5.69456427955134
2024-01-31 23:45:00,aol.com,"California, United States",-3.62595419847328
2024-01-31 23:45:00,timeswv.com,"Ohio, United States",-3.93518518518519
2024-01-31 23:45:00,wokv.com,"Pennsylvania, United States",-2.56147540983607
2024-01-31 23:45:00,netscape.com,"Orlando, Florida, United States",-2.02492211838006
2024-01-31 23:45:00,pentictonherald.ca,"Orlando, Florida, United States",-2.09677419354839
2024-01-31 23:45:00,troyrecord.com,"Maine, United States",-3.39599757428745
2024-01-31 23:45:00,canoncitydailyrecord.com,"California, United States",-3.39599757428745
2024-01-31 23:45:00,greeleytribune.com,"Bigtree, California, United States",-3.39599757428745
2024-01-31 23:45:00,reporterherald.com,"Bigtree, California, United States",-3.39599757428745
2024-01-31 23:45:00,crosscut.com,"Washington, United States",-3.7593984962406
2024-01-31 23:45:00,aurn.com,"New York, United States",-4.6875
2024-01-31 23:45:00,sandiegouniontribune.com,"Little Italy, California, United States",2.30664857530529
2024-01-31 23:45:00,canoncitydailyrecord.com,America,3.63247863247863
2024-01-31 23:45:00,seekingalpha.com,"London, London, City Of, United Kingdom",0.795624067628046
2024-01-31 23:45:00,yahoo.com,"Texas, United States",2.43161094224924
2024-01-31 23:45:00,bennettjones.com,British,1.0
2024-01-31 23:45:00,bucksfreepress.co.uk,"Aylesbury Vale, Buckinghamshire, United Kingdom",-2.67175572519084
2024-01-31 23:45:00,theblaze.com,America,-2.02622169249106
2024-01-31 23:45:00,kuow.org,"Capitol Hill, District Of Columbia, United States",-2.49554367201426
2024-01-31 23:45:00,kuow.org,"Alaska, United States",0.174216027874564
2024-01-31 23:45:00,koamnewsnow.com,"Missouri, United States",-1.01010101010101
2024-01-31 23:45:00,kelownacapnews.com,"Vancouver, British Columbia, Canada",2.97029702970297
2024-01-31 23:45:00,peacearchnews.com,"Vancouver, British Columbia, Canada",2.97029702970297
2024-01-31 23:45:00,wiredprnews.com,"Maryland, United States",-5.08982035928144
2024-01-31 23:45:00,dcvelocity.com,"Paris, France (General), France",2.80898876404494
2024-01-31 23:45:00,theregister.com,Chinese,-1.38888888888889
2024-01-31 23:45:00,inquirer.com,"Philadelphia, Pennsylvania, United States",-0.482315112540193
2024-01-31 23:45:00,miragenews.com,Kyrgyz Republic,2.35294117647059
2024-01-31 23:45:00,miragenews.com,"World Bank, District Of Columbia, United States",7.31132075471698
2024-01-31 23:45:00,kasu.org,"Alaska, United States",-0.441826215022091
2024-01-31 23:45:00,wyomingpublicmedia.org,"Alaska, United States",-0.441826215022091
2024-01-31 23:45:00,wmra.org,"Alaska, United States",-0.441826215022091
2024-01-31 23:45:00,krwg.org,"Alaska, United States",-0.441826215022091
2024-01-31 23:45:00,stockjournal.com.au,Australia,7.53588516746411
2024-01-31 23:45:00,stockjournal.com.au,"Barmah, Victoria, Australia",7.53588516746411
2024-01-31 23:45:00,maritime-executive.com,"Dutch Harbor, Alaska, United States",2.36051502145923
2024-01-31 23:45:00,wokv.com,"Florida, United States",-6.16740088105727
2024-01-31 23:45:00,newrepublic.com,"Florida, United States",-4.49640287769784
2024-01-31 23:45:00,newrepublic.com,"Reedy Creek, Florida, United States",-4.49640287769784
2024-01-31 23:45:00,miragenews.com,"Yangon, Yangon, Myanmar",-3.04449648711944
2024-01-31 23:45:00,newswise.com,Italy,1.52671755725191
2024-01-31 23:45:00,newswise.com,"Apulia, Puglia, Italy",1.52671755725191
2024-01-31 23:45:00,sandiegouniontribune.com,Canada,-0.686813186813188
2024-01-31 23:45:00,insurancenewsnet.com,"Sugar Hill, Virginia, United States",0.0
2024-01-31 23:45:00,insurancenewsnet.com,"Danville, California, United States",0.151745068285281
2024-01-31 23:45:00,okotoksonline.com,"Bow River, Alberta, Canada",0.170940170940171
2024-01-31 23:45:00,tdn.com,"Vancouver, British Columbia, Canada",-0.833333333333333
2024-01-31 23:45:00,tribtown.com,"Indiana, United States",2.39520958083832
2024-01-31 23:45:00,gilmermirror.com,"Kansas, United States",-0.26857654431513
2024-01-31 23:45:00,burnabynow.com,Canada,0.186915887850467
2024-01-31 23:45:00,newwestrecord.ca,Canada,0.186915887850467
2024-01-31 23:45:00,jamestownsun.com,"North Dakota, United States",1.20068610634648
2024-01-31 23:45:00,yourdemocracy.net,France,-2.46045694200352
2024-01-31 23:45:00,witl.com,"Michigan, United States",-2.53164556962025
2024-01-31 23:45:00,centralmaine.com,Japanese,-0.651701665459812
2024-01-31 23:45:00,centralmaine.com,"Connecticut, United States",-5.66666666666667
2024-01-31 23:45:00,centralmaine.com,"Orlando, Florida, United States",-2.62664165103189
2024-01-31 23:45:00,wokv.com,"Tampa Bay, Florida, United States",-2.82608695652174
2024-01-31 23:45:00,columbian.com,Mexican,0.0
2024-01-31 23:45:00,rollingstone.com,Chad,-5.11269928532161
2024-01-31 23:45:00,dailymail.co.uk,"English Channel, United Kingdom (General), United Kingdom",-9.13705583756345
2024-01-31 23:45:00,financialexpress.com,India,1.15894039735099
2024-01-31 23:45:00,wmra.org,"Miami, Florida, United States",-4.81586402266289
2024-01-31 23:45:00,wyomingpublicmedia.org,"Orlando, Florida, United States",-4.81586402266289
2024-01-31 23:45:00,kasu.org,"Miami, Florida, United States",-4.81586402266289
2024-01-31 23:45:00,krwg.org,"Miami, Florida, United States",-4.81586402266289
2024-01-31 23:45:00,kgou.org,"Walt Disney World, Florida, United States",-4.81586402266289
2024-01-31 23:45:00,wfsu.org,"Miami, Florida, United States",-4.81586402266289
2024-01-31 23:45:00,newswise.com,"University Of West Florida, Florida, United States",-1.29198966408269
2024-01-31 23:45:00,newswise.com,"University Of South Florida, Florida, United States",-1.29198966408269
2024-01-31 23:45:00,growingproduce.com,Mexico,0.822368421052632
2024-01-31 23:45:00,oann.com,"Florida, United States",-3.87931034482759
2024-01-31 23:45:00,eenews.net,United Arab Emirates,0.797448165869219
2024-01-31 23:45:00,stockjournal.com.au,"Wellington, New Zealand (General), New Zealand",2.07715133531157
2024-01-31 23:45:00,stockjournal.com.au,"Rockhampton, Queensland, Australia",3.67231638418079
2024-01-31 23:45:00,straitstimes.com,"Aung Hlaing, Ayeyarwady, Myanmar",-6.57439446366782
2024-01-31 23:45:00,sunjournal.com,"Orlando, Florida, United States",-2.62664165103189
2024-01-31 23:45:00,burnabynow.com,India,0.427715996578272
2024-01-31 23:45:00,newwestrecord.ca,"Sarnia, Ontario, Canada",0.427715996578272
2024-01-31 23:45:00,newwestrecord.ca,"London, London, City Of, United Kingdom",-1.61637931034483
2024-01-31 23:45:00,burnabynow.com,"Yuan Hua, Zhejiang, China",-1.61637931034483
2024-01-31 23:45:00,peacearchnews.com,"Vancouver Island, British Columbia, Canada",2.33236151603499
2024-01-31 23:45:00,oberonreview.com.au,Australia,2.83505154639175
2024-01-31 23:45:00,wjol.com,"Orlando, Florida, United States",-7.37051792828685
2024-01-31 23:45:00,farmersjournal.ie,"Dublin, Dublin, Ireland",1.59010600706714
2024-01-31 23:45:00,farmersjournal.ie,"Brussels, Bruxelles-Capitale, Belgium",-2.33236151603499
2024-01-31 23:45:00,stockjournal.com.au,"Goondiwindi, Queensland, Australia",-0.655737704918033
2024-01-31 23:45:00,oann.com,"San Diego, California, United States",0.601202404809619
2024-01-31 23:45:00,calgary.ctvnews.ca,"Airdrie, Alberta, Canada",3.97350993377483
2024-01-31 23:45:00,margaretrivermail.com.au,France,-4.81927710843373
2024-01-31 23:45:00,canowindranews.com.au,"Brussels, Bruxelles-Capitale, Belgium",-4.73061760840999
2024-01-31 23:45:00,oberonreview.com.au,France,-4.73061760840999
2024-01-31 23:45:00,hepburnadvocate.com.au,"Brussels, Bruxelles-Capitale, Belgium",-4.73061760840999
2024-01-31 23:45:00,dailyadvertiser.com.au,"Brussels, Bruxelles-Capitale, Belgium",-4.73061760840999
2024-01-31 23:45:00,irrigator.com.au,Ukraine,-4.73061760840999
2024-01-31 23:45:00,kelownacapnews.com,Canada,-1.73501577287066
2024-01-31 23:45:00,peacearchnews.com,Canada,-1.73501577287066
2024-01-31 23:45:00,newwestrecord.ca,"Saanich, British Columbia, Canada",0.37037037037037
2024-01-31 23:45:00,burnabynow.com,"Beacon Hill, Saskatchewan, Canada",0.37037037037037
2024-01-31 23:45:00,miragenews.com,"Washington, Washington, United States",4.34782608695652
2024-01-31 23:45:00,newwestrecord.ca,Costa Rica,-1.89349112426036
2024-01-31 23:45:00,domain-b.com,"Hindustan, India (General), India",0.43956043956044
2024-01-31 23:45:00,vancouversun.com,"New Mexico, United States",-0.314218381775334
2024-01-31 23:45:00,leaderpost.com,"New York, United States",1.8348623853211
2024-01-31 23:45:00,infotel.ca,Canada,1.55210643015521
2024-01-31 23:45:00,kgou.org,"Garvin County, Oklahoma, United States",-5.81039755351682
2024-01-31 23:45:00,wfsu.org,"-Ormond Beach, Florida, United States",0.0
2024-01-31 23:45:00,abc7ny.com,"Oregon, United States",-5.93220338983051
2024-01-31 23:45:00,abc7.com,"Oregon, United States",-5.93220338983051
2024-01-31 23:45:00,samoaobserver.ws,China,-7.30643402399128
2024-01-31 23:45:00,miragenews.com,Australia,8.03858520900322
2024-01-31 23:45:00,theguardian.com,Australia,-2.1398002853067
2024-01-31 23:45:00,okotoksonline.com,Canadian,-0.221729490022173
2024-01-31 23:45:00,okotoksonline.com,Canada,-2.12765957446809
2024-01-31 23:45:00,peacearchnews.com,Canada,-2.29591836734694
2024-01-31 23:45:00,kelownacapnews.com,Canada,-2.29591836734694
2024-01-31 23:45:00,miragenews.com,United States,5.02793296089385
2024-01-31 23:45:00,wkbw.com,"New York, United States",-1.59574468085106
2024-01-31 23:45:00,cityandstateny.com,"New York, United States",-2.37154150197629
2024-01-31 23:45:00,163.com,"Shanghai, Shanghai, China",1.91050779286073
2024-01-31 23:45:00,163.com,Chile,0.119904076738609
2024-01-31 23:45:00,163.com,India,6.3437139561707
2024-01-31 23:45:00,aimdigital.com.ar,Argentina,-2.28310502283105
2024-01-31 23:45:00,aimdigital.com.ar,Indonesian,-1.74966352624495
2024-01-31 23:45:00,alakhbar.info,"Nouakchott, Trarza, Mauritania",-4.01002506265664
2024-01-31 23:45:00,algarvenoticias.com,Portuguese,1.52284263959391
2024-01-31 23:45:00,america-retail.com,Colombia,4.98154981549816
2024-01-31 23:45:00,asahi.com,"Kawagoe, Saitama, Japan",-0.954198473282443
2024-01-31 23:45:00,baomoi.com,Vietnam,2.76110444177671
2024-01-31 23:45:00,baomoi.com,Vietnam,0.29806259314456
2024-01-31 23:45:00,blackseanews.net,United Kingdom,-0.809716599190283
2024-01-31 23:45:00,camara.leg.br,"Brasilia, Distrito Federal, Brazil",2.56410256410256
2024-01-31 23:45:00,cdt.ch,"Alps, Switzerland (General), Switzerland",2.03125
2024-01-31 23:45:00,colombia.com,Ukraine,-5.47619047619048
2024-01-31 23:45:00,elancasti.com.ar,Argentina,-0.304878048780488
2024-01-31 23:45:00,elheraldo.co,"Galapa, Sucre, Colombia",-0.988142292490119
2024-01-31 23:45:00,elheraldo.co,Colombia,-5.05050505050505
2024-01-31 23:45:00,elimparcial.com,"California, United States",-0.360360360360361
2024-01-31 23:45:00,ellitoral.com,Poland,-5.31468531468532
2024-01-31 23:45:00,esaimaa.fi,Finland,-1.9404915912031
2024-01-31 23:45:00,gaz.com.br,"Rio Grande, Rio Grande Do Sul, Brazil",1.6839378238342
2024-01-31 23:45:00,gaz.com.br,"Carlota, Mato Grosso Do Sul, Brazil",2.03045685279188
2024-01-31 23:45:00,hankyung.com,America,-4.24107142857143
2024-01-31 23:45:00,interfax.com.ua,Ukraine,-0.305810397553517
2024-01-31 23:45:00,kirov.kp.ru,Kenya,-0.704225352112676
2024-01-31 23:45:00,kommersant.ru,"Khimki, Moskva, Russia",-8.69565217391304
2024-01-31 23:45:00,kommersant.ru,German,-2.51836306400839
2024-01-31 23:45:00,kommersant.ru,Russia,1.42857142857143
2024-01-31 23:45:00,laopcion.com.mx,"California, United States",2.65654648956357
2024-01-31 23:45:00,larazon.es,Suede,0.0
2024-01-31 23:45:00,las2orillas.co,Colombia,-1.65706051873199
2024-01-31 23:45:00,las2orillas.co,Switzerland,-3.28820116054159
2024-01-31 23:45:00,liputan6.com,"Jakarta, Jakarta Raya, Indonesia",0.823045267489712
2024-01-31 23:45:00,liputan6.com,South Korea,0.407331975560081
2024-01-31 23:45:00,liputan6.com,Indonesia,-11.8577075098814
2024-01-31 23:45:00,livesicilia.it,"Agrigento, Sicilia, Italy",3.18181818181818
2024-01-31 23:45:00,metro.pr,Suede,1.00840336134454
2024-01-31 23:45:00,murcia.com,Spanish,2.3543990086741
2024-01-31 23:45:00,news.travelling.gr,"Karitsa, Perifereia Kentrikis Makedonias, Greece",-1.01010101010101
2024-01-31 23:45:00,nishinippon.co.jp,Japan,7.65661252900232
2024-01-31 23:45:00,noticiasaominuto.com,"London, London, City Of, United Kingdom",0.452488687782806
2024-01-31 23:45:00,noticierodigital.com,Barbados,-2.11640211640212
2024-01-31 23:45:00,noticierodigital.com,Venezuela,-3.06406685236769
2024-01-31 23:45:00,nrc.nl,Syria,-4.296875
2024-01-31 23:45:00,nrc.nl,Ukrainian,-4.14746543778802
2024-01-31 23:45:00,ohmynews.com,"Seoul, Soul-T'ukpyolsi, South Korea",-6.26535626535627
2024-01-31 23:45:00,omelete.com.br,Argentina,-6.11353711790393
2024-01-31 23:45:00,oogtv.nl,"Groningen, Groningen, Netherlands",1.67064439140811
2024-01-31 23:45:00,panampost.com,"Beijing, Beijing, China",-3.24825986078886
2024-01-31 23:45:00,praca.egospodarka.pl,Germany,1.82926829268293
2024-01-31 23:45:00,primicia.com.ve,France,-2.98189563365282
2024-01-31 23:45:00,psuv.org.ve,"Caracas, Distrito Federal, Venezuela",2.47678018575851
2024-01-31 23:45:00,radiofarda.com,Switzerland,-3.27102803738318
2024-01-31 23:45:00,regnum.ru,Russia,-5.96330275229358
2024-01-31 23:45:00,republika.co.id,Indonesia,-4.70588235294118
2024-01-31 23:45:00,rethemnosnews.gr,Russia,-0.421940928270042
2024-01-31 23:45:00,rethemnosnews.gr,"Dytikis Attikis, Perifereia Attikis, Greece",-2.31788079470199
2024-01-31 23:45:00,rethemnosnews.gr,"Rethymnon, Perifereia Kritis, Greece",-4.51612903225806
2024-01-31 23:45:00,rtv.rs,Serbia,-10.0217864923747
2024-01-31 23:45:00,ruse24.bg,"Sofia, Sofiya-Grad, Bulgaria",1.11111111111111
2024-01-31 23:45:00,sohu.com,Chinese,2.24833929483904
2024-01-31 23:45:00,sohu.com,Malaysia,2.56260920209668
2024-01-31 23:45:00,sohu.com,"Hainan, Hainan, China",4.57063711911357
2024-01-31 23:45:00,sohu.com,Chile,13.4370579915134
2024-01-31 23:45:00,solopos.com,China,-0.695652173913043
2024-01-31 23:45:00,solopos.com,"Sukoharjo, Jawa Tengah, Indonesia",-0.43859649122807
2024-01-31 23:45:00,sozcu.com.tr,China,-4.15512465373961
2024-01-31 23:45:00,stcn.com,China,1.93293885601578
2024-01-31 23:45:00,stcn.com,United States,-0.652173913043478
2024-01-31 23:45:00,stcn.com,Antarctica,1.93293885601578
2024-01-31 23:45:00,stcn.com,"Shanghai, Shanghai, China",-5.6694286960314
2024-01-31 23:45:00,takungpao.com,Mongolia,-2.92887029288703
2024-01-31 23:45:00,viva.co.id,Indonesia,3.125
2024-01-31 23:45:00,viveresanbenedetto.it,"Basilicata, Basilicata, Italy",-1.37195121951219
2024-01-31 23:45:00,yam.com,"Taipei, T'ai-Pei, Taiwan",-4.21455938697318
2024-01-31 23:45:00,yna.co.kr,Japan,0.626959247648903
2024-01-31 23:45:00,yna.co.kr,Japan,1.34408602150538
2024-01-31 23:45:00,yna.co.kr,"Jogye, Inch'on-Gwangyoksi, South Korea",0.204081632653061
2024-01-31 23:45:00,allafrica.com,"Rome, Lazio, Italy",3.21100917431193
2024-01-31 23:45:00,america-retail.com,Colombia,3.71747211895911
2024-01-31 23:45:00,antena3.ro,Romania,-7.17948717948718
2024-01-31 23:45:00,goettinger-tageblatt.de,Russia,-4.63733650416171
2024-01-31 23:45:00,ilgazzettino.it,Italy,-2.00400801603206
2024-01-31 23:45:00,kirov.kp.ru,"Komsomol, Bashkortostan, Russia",-4.34782608695652
2024-01-31 23:45:00,lactualite.com,Canada,-1.78571428571429
2024-01-31 23:45:00,laopcion.com.mx,"Ciudad Juarez, MéCo, Mexico",-2.01005025125628
2024-01-31 23:45:00,larazon.es,"Paris, France (General), France",1.16487455197133
2024-01-31 23:45:00,maz-online.de,Ukraine,-4.63733650416171
2024-01-31 23:45:00,metrotvnews.com,"Jakarta, Jakarta Raya, Indonesia",0.0
2024-01-31 23:45:00,nuovavenezia.gelocal.it,"Milan, Lombardia, Italy",-2.22222222222222
2024-01-31 23:45:00,puranoticia.pnt.cl,Chile,-4.57516339869281
2024-01-31 23:45:00,republika.co.id,"Lampung, Kalimantan Tengah, Indonesia",-1.39372822299652
2024-01-31 23:45:00,rga.de,France,-4.63733650416171
2024-01-31 23:45:00,rtbf.be,French,0.0
2024-01-31 23:45:00,sohu.com,"Guizhou, Hubei, China",-0.581395348837209
2024-01-31 23:45:00,sputniknews.lat,Mexico,-4.83870967741935
2024-01-31 23:45:00,stcn.com,"Shanghai, Shanghai, China",-5.00807754442649
2024-01-31 23:45:00,telemundo.com,Argentina,1.7921146953405
2024-01-31 23:45:00,turkiyegazetesi.com.tr,Turkey,2.92682926829268
2024-01-31 23:45:00,tuttoandroid.net,Italy,1.1686143572621
2024-01-31 23:45:00,vandaagenmorgen.nl,"Zeeland, Noord-Brabant, Netherlands",0.195694716242661
2024-01-31 23:45:00,voetbalprimeur.nl,"Granada, AndalucíSp, Spain",0.0
2024-01-01 03:15:00,stockandland.com.au,"Orbost, Victoria, Australia",0.705882352941177
2024-01-01 03:15:00,theadvocate.com.au,Australian,-0.934579439252336
2024-01-01 03:15:00,lithgowmercury.com.au,"Canberra, Australian Capital Territory, Australia",-0.91324200913242
2024-01-01 03:15:00,thegazette.com,South Korea,-0.848256361922714
2024-01-01 03:15:00,idahostatesman.com,American,-1.75867122618466
2024-01-01 03:15:00,indiatimes.com,Israel,-1.22324159021407
2024-01-01 03:15:00,thegrio.com,"California, United States",-1.54109589041096
2024-01-01 03:15:00,tri-cityherald.com,"Dallas, Texas, United States",3.125
2024-01-01 03:15:00,greekreporter.com,Samoa,3.38461538461539
2024-01-01 03:15:00,tellychakkar.com,"Hindustan, India (General), India",3.46938775510204
2024-01-01 03:15:00,nationthailand.com,"South China Sea, Brunei (General), Brunei",0.0
2024-01-01 03:15:00,orissapost.com,United States,-3.77113133940182
2024-01-01 03:15:00,stockandland.com.au,Australian,-0.103199174406605
2024-01-01 03:15:00,wattsupwiththat.com,"California, United States",1.31868131868132
2024-01-01 03:15:00,wattsupwiththat.com,Britons,-3.19767441860465
2024-01-01 03:15:00,bnnbloomberg.ca,Brazilian,1.12994350282486
2024-01-01 03:15:00,theadvocate.com.au,Australian,2.39520958083832
2024-01-01 03:15:00,theadvocate.com.au,Australian,2.39520958083832
2024-01-01 03:15:00,corsicanadailysun.com,"Texas, United States",-0.831600831600832
2024-01-01 03:15:00,nbcsandiego.com,America,-4.16558861578266
2024-01-01 03:15:00,independent.ie,"Laois, Laois, Ireland",-6.40279394644936
2024-01-01 03:15:00,queenslandcountrylife.com.au,"Southport, Queensland, Australia",-2.34192037470726
2024-01-01 03:15:00,nbclosangeles.com,"Californians, United States",-1.61001788908766
2024-01-01 03:15:00,mapleridgenews.com,"Langley, British Columbia, Canada",1.98863636363636
2024-01-01 03:15:00,aero-news.net,"Alaska, United States",0.930232558139535
2024-01-01 03:15:00,burnhamandhighbridgeweeklynews.co.uk,British,-0.36563071297989
2024-01-01 03:15:00,chelmsfordweeklynews.co.uk,British,-0.36563071297989
2024-01-01 03:15:00,newsweek.com,"Geneva, Genè, Switzerland",-6.48535564853557
2024-01-01 03:15:00,mcall.com,"Copenhagen, KøAvn*, Denmark",2.0
2024-01-01 03:15:00,dcourier.com,Afghanistan,2.30769230769231
2024-01-01 03:15:00,science20.com,Japan,1.59574468085106
2024-01-01 03:15:00,etfdailynews.com,"Copper Creek, Arizona, United States",0.722021660649819
2024-01-01 03:15:00,etfdailynews.com,"Florida, United States",0.845665961945032
2024-01-01 03:15:00,ft.lk,Sri Lanka,-1.34387351778656
2024-01-01 03:15:00,ft.lk,Germany,2.14797136038186
2024-01-01 03:15:00,ft.lk,"Pattipola, Central, Sri Lanka",1.59235668789809
2024-01-01 03:15:00,tmcnet.com,"Baltimore, Maryland, United States",0.383509108341322
2024-01-01 03:15:00,bendbulletin.com,"Portland, Oregon, United States",-1.16686114352392
2024-01-01 03:15:00,ft.lk,Sri Lanka,-0.800355713650512
2024-01-01 03:15:00,abc13.com,Denmark,2.22222222222222
2024-01-01 03:15:00,parisstaronline.com,"Norfolk County, Ontario, Canada",0.0
2024-01-01 03:15:00,her.ie,Spain,-0.363636363636364
2024-01-01 03:15:00,obrag.org,"Balboa Park, California, United States",-3.6101083032491
2024-01-01 03:15:00,obrag.org,"San Diego, California, United States",-2.66828380836871
2024-01-01 03:15:00,vanguardngr.com,"Lagos, Lagos, Nigeria",-1.82695622199242
2024-01-01 03:15:00,vanguardngr.com,China,-3.13272877164056
2024-01-01 03:30:00,24hod.sk,Slovak,1.39616055846422
2024-01-01 03:30:00,africaguinee.com,America,-2.03703703703704
2024-01-01 03:30:00,bamada.net,Mali,2.05278592375367
2024-01-01 03:30:00,baomoi.com,"Hanoi, Ha N?I, Vietnam, Republic Of",-4.90956072351421
2024-01-01 03:30:00,cnfol.com,Chile,-8.25726141078838
2024-01-01 03:30:00,dhnet.be,"Milan, Lombardia, Italy",0.918635170603674
2024-01-01 03:30:00,eva.vn,Vietnam,0.537634408602151
2024-01-01 03:30:00,genova24.it,Italian,4.95356037151703
2024-01-01 03:30:00,hirunews.lk,Sri Lanka,-4.98084291187739
2024-01-01 03:30:00,hkwb.net,"Shenzhen, Guangdong, China",2.61437908496732
2024-01-01 03:30:00,hkwb.net,"China Sea, Brunei (General), Brunei",6.40522875816993
2024-01-01 03:30:00,jujuyaldia.com.ar,Iran,2.84323770491803
2024-01-01 03:30:00,la1ere.francetvinfo.fr,Guadeloupe,0.854700854700855
2024-01-01 03:30:00,lastampa.it,Bulgaria,-0.232018561484919
2024-01-01 03:30:00,money-link.com.tw,"Taipei, T'ai-Pei, Taiwan",3.09597523219814
2024-01-01 03:30:00,money-link.com.tw,"Taipei, T'ai-Pei, Taiwan",-4.0650406504065
2024-01-01 03:30:00,money-link.com.tw,Taiwan,-4.0650406504065
2024-01-01 03:30:00,news.dahe.cn,Russians,-2.68079800498753
2024-01-01 03:30:00,news.dahe.cn,"Guangzhou, Guangdong, China",4.85605272285813
2024-01-01 03:30:00,news.dahe.cn,United States,0.39331366764995
2024-01-01 03:30:00,news.dahe.cn,"Chan Xi, Guizhou, China",2.41379310344828
2024-01-01 03:30:00,pikiran-rakyat.com,"Bandung, Jawa Barat, Indonesia",-18.8356164383562
2024-01-01 03:30:00,southcn.com,Macau,1.61725067385445
2024-01-01 03:30:00,southcn.com,"Inner Mongolia, Nei Mongol, China",3.03030303030303
2024-01-01 03:30:00,southcn.com,Vietnam,3.57723577235772
2024-01-01 03:30:00,southcn.com,Australia,3.92464678178964
2024-01-01 03:30:00,ukrinform.ua,Hungary,2.77777777777778
2024-01-01 03:30:00,wirtualnemedia.pl,Poland,-0.342465753424658
2024-01-01 03:30:00,xinhuanet.com,"Gansu, Gansu, China",6.02150537634409
2024-01-01 03:30:00,24hod.sk,"Nitra, Nitriansky, Slovak Republic",-1.49812734082397
2024-01-01 03:30:00,chibanippo.co.jp,"Yachimata, Chiba, Japan",-2.25352112676056
2024-01-01 03:30:00,chip.pl,British,-1.65016501650165
2024-01-01 03:30:00,jpnn.com,"East Java, Jawa Timur, Indonesia",-9.1743119266055
2024-01-01 03:30:00,jpnn.com,"Gayungan, Jawa Timur, Indonesia",-3.05343511450382
2024-01-01 03:30:00,jpnn.com,"Semarang, Jawa Tengah, Indonesia",-4.60526315789474
2024-01-01 03:30:00,meteogiornale.it,"Palermo, Sicilia, Italy",0.894854586129754
2024-01-01 03:30:00,news.dahe.cn,"Wang Xi, Sichuan, China",-8.28025477707006
2024-01-01 03:30:00,pikiran-rakyat.com,"Yogyakarta, Yogyakarta, Indonesia",-2.08333333333333
2024-01-01 03:30:00,sindonews.com,"Blora, Sumatera Utara, Indonesia",-15.1376146788991
2024-01-01 03:30:00,uol.com.br,"Curitiba, ParanáR, Brazil",-2.88461538461538
2024-01-01 03:30:00,ukrinform.ua,America,1.36986301369863
2024-01-01 03:45:00,thetimes.co.uk,"Longyearbyen, Svalbard (General), Svalbard",-4.0
2024-01-01 03:45:00,porkbusiness.com,"Tennessee, United States",-4.48028673835125
2024-01-01 03:45:00,beaumontenterprise.com,American,0.0
2024-01-01 03:45:00,dawn.com,United States,-1.37795275590551
2024-01-01 03:45:00,yumasun.com,"Arizona, United States",0.245098039215686
2024-01-01 03:45:00,ketr.org,"Texas, United States",-0.375234521575985
2024-01-01 03:45:00,wgcu.org,United States,-0.375234521575985
2024-01-01 03:45:00,wbaa.org,"Washington, Washington, United States",-0.375234521575985
2024-01-01 03:45:00,yankton.net,American,-0.391389432485322
2024-01-01 03:45:00,yahoo.com,"Washington, Washington, United States",-6.48148148148148
2024-01-01 03:45:00,singaporestar.com,"Washington, Washington, United States",-0.548446069469835
2024-01-01 03:45:00,thetimes.co.uk,"Milan, Lombardia, Italy",-1.93548387096774
2024-01-01 03:45:00,hpj.com,"Iowa, United States",0.0
2024-01-01 03:45:00,dawn.com,Pakistan,-0.498504486540378
2024-01-01 03:45:00,therepublic.com,"Californians, United States",-1.83823529411765
2024-01-01 03:45:00,wabi.tv,Colombia,1.23674911660777
2024-01-01 03:45:00,dawn.com,Colombia,-1.95838433292534
2024-01-01 03:45:00,edmontonsun.com,Canadian,1.30081300813008
2024-01-01 03:45:00,ndtv.com,America,-0.569476082004555
2024-01-01 03:45:00,wqad.com,Danish,1.93370165745856
2024-01-01 03:45:00,finanznachrichten.de,"Guanabara, Rio Grande Do Norte, Brazil",-1.24223602484472
2024-01-01 03:45:00,trinidadexpress.com,"Crown Point, Tobago, Trinidad And Tobago",-3.64050056882821
2024-01-01 03:45:00,wibailoutpeople.org,Norway,-2.03086921202275
2024-01-01 03:45:00,dawn.com,Pakistan,-3.18471337579618
2024-01-01 03:00:00,163.com,"Jiangbei, Jilin, China",0.551808706315144
2024-01-01 03:00:00,agenciafe.com,Suede,1.84049079754601
2024-01-01 03:00:00,alagoas24horas.com.br,"London, London, City Of, United Kingdom",3.2312925170068
2024-01-01 03:00:00,anewsa.com,"Seoul, Soul-T'ukpyolsi, South Korea",2.9520295202952
2024-01-01 03:00:00,aweb.com.cn,"Nongbo, Xizang, China",1.32450331125828
2024-01-01 03:00:00,baomoi.com,Chinese,0.312134217713618
2024-01-01 03:00:00,baomoi.com,Vietnam,-0.699300699300699
2024-01-01 03:00:00,cafebiz.vn,"Hanoi, Ha N?I, Vietnam, Republic Of",4.68540829986613
2024-01-01 03:00:00,cafebiz.vn,Vietnam,0.22002200220022
2024-01-01 03:00:00,danviet.vn,Thailand,2.78056951423786
2024-01-01 03:00:00,danviet.vn,"Hanoi, Ha N?I, Vietnam, Republic Of",6.71378091872792
2024-01-01 03:00:00,edaily.co.kr,China,0.879120879120879
2024-01-01 03:00:00,edaily.co.kr,"Seoul, Soul-T'ukpyolsi, South Korea",-2.24719101123595
2024-01-01 03:00:00,guancha.gmw.cn,"Yong Yi, Hainan, China",0.103626943005182
2024-01-01 03:00:00,hankyung.com,"Pohang, Kyongsang-Bukto, South Korea",1.73410404624277
2024-01-01 03:00:00,ihalla.com,"Jeju, Cheju-Do, South Korea",0.952380952380952
2024-01-01 03:00:00,ihalla.com,"Jeju, Cheju-Do, South Korea",2.25225225225225
2024-01-01 03:00:00,indiatimes.com,"Ghaziabad, Uttar Pradesh, India",0.422832980972516
2024-01-01 03:00:00,kompas.com,"Jakarta, Jakarta Raya, Indonesia",-5.58035714285714
2024-01-01 03:00:00,kompas.com,"Jakarta, Jakarta Raya, Indonesia",0.40983606557377
2024-01-01 03:00:00,kompas.com,"Yogyakarta, Yogyakarta, Indonesia",2.1505376344086
2024-01-01 03:00:00,laodong.vn,"Hanoi, Ha N?I, Vietnam, Republic Of",1.01351351351351
2024-01-01 03:00:00,laodong.vn,Vietnam,-3.29341317365269
2024-01-01 03:00:00,leparisien.fr,Suriname,-3.75
2024-01-01 03:00:00,liputan6.com,"Cileunyi, Jawa Barat, Indonesia",-6.87679083094556
2024-01-01 03:00:00,memleket.com.tr,"Aksaray, Aksaray, Turkey",-9.04109589041096
2024-01-01 03:00:00,montraykreyol.org,"Outreau, Nord-Pas-De-Calais, France",-2.34113712374582
2024-01-01 03:00:00,mundiario.com,Spain,1.39751552795031
2024-01-01 03:00:00,news.de,German,-0.543478260869566
2024-01-01 03:00:00,news.de,German,-0.263852242744063
2024-01-01 03:00:00,news.de,German,0.0
2024-01-01 03:00:00,news.de,German,-0.270270270270271
2024-01-01 03:00:00,news.de,Mauritius,-2.55474452554745
2024-01-01 03:00:00,news.de,German,0.0
2024-01-01 03:00:00,news.de,German,0.0
2024-01-01 03:00:00,news.de,German,-0.260416666666667
2024-01-01 03:00:00,news.de,French,-4.88188976377953
2024-01-01 03:00:00,okezone.com,Indonesia,3.03030303030303
2024-01-01 03:00:00,okezone.com,"Cileunyi, Jawa Barat, Indonesia",-5.10510510510511
2024-01-01 03:00:00,perfil.com,Danish,2.96296296296296
2024-01-01 03:00:00,publinews.gt,Suede,2.13414634146341
2024-01-01 03:00:00,pudelek.pl,Poland,1.21527777777778
2024-01-01 03:00:00,qzwb.com,"Xiaofang, Jiangxi, China",0.761421319796955
2024-01-01 03:00:00,qzwb.com,"Sichuan, Gansu, China",3.38491295938104
2024-01-01 03:00:00,qzwb.com,"Nanjing, Jiangsu, China",2.63381478334749
2024-01-01 03:00:00,qzwb.com,"Fujian, Fujian, China",-1.89873417721519
2024-01-01 03:00:00,russian.news.cn,China,7.14285714285714
2024-01-01 03:00:00,saamana.com,"Hawaii, United States",3.78787878787879
2024-01-01 03:00:00,sankei.com,"Joetsu, Niigata, Japan",0.0
2024-01-01 03:00:00,shm.com.cn,"Sichuan, Gansu, China",3.41839191141069
2024-01-01 03:00:00,shm.com.cn,Korea,6.33484162895928
2024-01-01 03:00:00,tvbs.com.tw,"Dazhi, T'ai-Pei, Taiwan",-2.19244823386114
2024-01-01 03:00:00,tvbs.com.tw,Taiwan,-7.05394190871369
2024-01-01 03:00:00,udn.com,United States,0.58027079303675
2024-01-01 03:00:00,vietnamplus.vn,Vietnam,-1.85810810810811
2024-01-01 03:00:00,vietnamplus.vn,Vietnam,1.25260960334029
2024-01-01 03:00:00,workercn.cn,"Suzhou, Jiangsu, China",0.905562742561449
2024-01-01 03:00:00,wxrb.com,"Wuxi, Jiangsu, China",1.44578313253012
2024-01-01 03:00:00,wxrb.com,"Sichuan, Gansu, China",3.39225991399904
2024-01-01 03:00:00,wxrb.com,"Xingren, Sichuan, China",3.39225991399904
2024-01-01 03:00:00,yam.com,China,5.23138832997988
2024-01-01 03:15:00,163.com,South Korea,-0.598563447725459
2024-01-01 03:15:00,northnews.cn,"Guangzhou, Guangdong, China",4.81468652580533
2024-01-01 03:15:00,northnews.cn,"Yiwu, Zhejiang, China",3.33492139113864
2024-01-01 03:15:00,scol.com.cn,United States,2.81501340482574
2024-01-01 03:15:00,sohu.com,Iraq,-2.63480392156863
2024-01-01 03:15:00,donews.com,"Hong Yi, Jiangxi, China",0.315955766192733
2024-01-01 03:15:00,163.com,Hong Kong,-3.59133126934985
2024-01-01 03:15:00,northnews.cn,China,0.394088669950739
2024-01-01 03:15:00,163.com,"Hebei, Jilin, China",0.103734439834025
2024-01-01 03:15:00,ascii.jp,American,1.33136094674556
2024-01-01 03:15:00,setn.com,Korea,2.42914979757085
2024-01-01 03:15:00,ettoday.net,"Taihu, Jinmen Xian, Taiwan",-1.80878552971576
2024-01-01 03:15:00,tienphong.vn,Vietnam,1.85714285714286
2024-01-01 03:15:00,korrespondent.net,United States,3.18471337579618
2024-01-01 03:15:00,nownews.com,Taiwan,1.38775510204082
2024-01-01 03:15:00,nownews.com,China,1.16279069767442
2024-01-01 03:15:00,vpoint.jp,United Kingdom,-2.8236914600551
2024-01-01 03:15:00,rt.com,Egypt,-7.84313725490196
2024-01-01 03:15:00,rt.com,Russia,4.64135021097047
2024-01-01 03:15:00,saudiweb.net,Saudi Arabia,0.74719800747198
2024-01-01 03:15:00,saudiweb.net,Saudi Arabia,-0.715563506261181
2024-01-01 03:15:00,sohu.com,Germany,5.32964863797868
2024-01-01 03:15:00,chinaz.com,"Xiaogang, Jiangxi, China",3.0812324929972
2024-01-01 03:15:00,chinaz.com,France,6.60334690185436
2024-01-01 03:15:00,farmer.pl,American,0.429184549356223
2024-01-01 03:15:00,sohu.com,"Yiwu, Zhejiang, China",3.71367061356297
2024-01-01 03:15:00,sohu.com,Australia,0.385356454720617
2024-01-01 03:15:00,rt.com,Russia,-1.77514792899408
2024-01-01 03:15:00,rbc.ru,Russia,-0.975609756097561
2024-01-01 03:15:00,rbc.ru,Russia,-2.73972602739726
2024-01-01 03:15:00,arrobajuarez.com,"Calcutta, West Bengal, India",-2.47349823321555
2024-01-01 03:15:00,lanacion.com.py,Ukraine,-3.6241610738255
2024-01-01 03:15:00,linfo.re,French,-0.323101777059774
2024-01-01 03:15:00,orientaldaily.com.my,Thailand,7.72833723653396
2024-01-01 03:15:00,paz-online.de,Russia,-1.8978102189781
2024-01-01 03:15:00,scol.com.cn,"Sichuan, Gansu, China",3.42168674698795
2024-01-01 03:15:00,visir.is,Iceland,-0.75
2024-01-01 03:15:00,visir.is,Iceland,-0.75
2024-01-01 03:15:00,waz-online.de,"Brussels, Bruxelles-Capitale, Belgium",-1.8978102189781
2024-01-01 03:15:00,iz.ru,Russia,-4.68085106382979
2024-01-01 03:15:00,iz.ru,Russian,6.57439446366782
2024-01-01 03:15:00,setn.com,Malaysia,0.313479623824452
2024-01-01 03:15:00,antaranews.com,"Riau, Indonesia (General), Indonesia",0.955414012738853
2024-01-01 03:15:00,metrotvnews.com,"Jakarta, Jakarta Raya, Indonesia",-6.70926517571885
2024-01-01 03:15:00,metrotvnews.com,"Serdang, Sumatera Utara, Indonesia",-3.6734693877551
2024-01-01 03:15:00,kannadaprabha.com,"Bangalore, Karnataka, India",-9.33333333333333
2024-01-01 03:15:00,sohu.com,"Shenzhen, Guangdong, China",1.36054421768708
2024-01-01 03:15:00,rt.com,South Korea,-12.280701754386
2024-01-01 03:15:00,senego.com,Senegal,1.81159420289855
2024-01-01 03:30:00,ksl.com,"Arizona, United States",0.840336134453781
2024-01-01 03:30:00,newsday.co.zw,United States,-1.48809523809524
2024-01-01 03:30:00,capitalethiopia.com,Ethiopian,0.917431192660551
2024-01-01 03:30:00,northkoreatimes.com,Indonesia,-0.548446069469835
2024-01-01 03:30:00,ncnewsonline.com,"Georgia, United States",-7.5187969924812
2024-01-01 03:30:00,southernhighlandnews.com.au,Australian,-0.934579439252336
2024-01-01 03:30:00,parkeschampionpost.com.au,Aussies,-0.91324200913242
2024-01-01 03:30:00,wellingtontimes.com.au,Aussies,-0.91324200913242
2024-01-01 03:30:00,searchlight.vc,"Edinboro, Saint Andrew, Saint Vincent And The Grenadines",-3.89221556886227
2024-01-01 03:30:00,straitstimes.com,"New York, United States",-3.5958904109589
2024-01-01 03:30:00,newstimes.com,United States,0.0
2024-01-01 03:30:00,yahoo.com,"Geneva, Genè, Switzerland",-4.25531914893617
2024-01-01 03:30:00,northqueenslandregister.com.au,Australia,5.30035335689046
2024-01-01 03:30:00,irishexaminer.com,American,5.69395017793594
2024-01-01 03:30:00,register-herald.com,United States,-0.391389432485322
2024-01-01 03:30:00,expressnews.com,"Washington, Washington, United States",-0.382409177820267
2024-01-01 03:30:00,bbc.co.uk,Ethiopia,-0.6006006006006
2024-01-01 03:30:00,moneycontrol.com,"Tamil Nadu, Tamil Nadu, India",-0.709219858156029
2024-01-01 03:30:00,southpeacenews.com,"Independence Hall, New York, United States",1.00080064051241
2024-01-01 03:30:00,bbc.co.uk,"Hertfordshire, Hertfordshire, United Kingdom",2.07142857142857
2024-01-01 03:30:00,northqueenslandregister.com.au,Aussie,3.24675324675325
2024-01-01 03:30:00,northqueenslandregister.com.au,Australian,3.24675324675325
2024-01-01 03:30:00,northqueenslandregister.com.au,Aussie,3.24675324675325
2024-01-01 03:30:00,northqueenslandregister.com.au,Australian,3.24675324675325
2024-01-01 03:30:00,ksl.com,"Hawaii, United States",-1.50375939849624
2024-01-01 03:30:00,northqueenslandregister.com.au,"Kowanyama, Queensland, Australia",-1.83006535947712
2024-01-01 03:30:00,northqueenslandregister.com.au,"Kowanyama, Queensland, Australia",-1.83006535947712
2024-01-01 03:30:00,wacotrib.com,American,0.656392694063928
2024-01-01 03:30:00,prokerala.com,Singaporeans,3.30882352941176
2024-01-01 03:30:00,abc11.com,Denmark,2.22222222222222
2024-01-01 03:30:00,indianexpress.com,"Delhi, Delhi, India",-2.77410832232497
2024-01-01 03:30:00,indianexpress.com,Indonesia,-3.88457269700333
2024-01-01 03:30:00,indianexpress.com,"Paris, France (General), France",-0.224215246636771
2024-01-01 03:30:00,borneobulletin.com.bn,"Paris, France (General), France",2.07715133531157
2024-01-01 03:30:00,mymotherlode.com,"Texas, United States",-0.382409177820267
2024-01-01 03:30:00,ktar.com,American,-1.8140589569161
2024-01-01 03:30:00,siasat.com,"Hyderabad, Andhra Pradesh, India",-3.6144578313253
2024-01-01 02:30:00,4hoteliers.com,"Paris, France (General), France",-0.523560209424084
2024-01-01 02:30:00,indiatimes.com,"Dubai, Dubayy, United Arab Emirates",1.98135198135198
2024-01-01 02:30:00,kidderminstershuttle.co.uk,British,-0.36563071297989
2024-01-01 02:30:00,stroudnewsandjournal.co.uk,United Kingdom,-0.36563071297989
2024-01-01 02:30:00,southwalesguardian.co.uk,Britons,-0.36563071297989
2024-01-01 02:30:00,dudleynews.co.uk,Britons,-0.36563071297989
2024-01-01 02:30:00,warringtonguardian.co.uk,Britons,-0.36563071297989
2024-01-01 02:30:00,greenocktelegraph.co.uk,United Kingdom,-0.36563071297989
2024-01-01 02:30:00,bicesteradvertiser.net,United Kingdom,-0.36563071297989
2024-01-01 02:30:00,sthelensstar.co.uk,British,-0.36563071297989
2024-01-01 02:30:00,hamhigh.co.uk,Britons,-0.36563071297989
2024-01-01 02:30:00,dunfermlinepress.com,British,-0.36563071297989
2024-01-01 02:30:00,enfieldindependent.co.uk,Britons,-0.36563071297989
2024-01-01 02:30:00,eadt.co.uk,Britons,-0.36563071297989
2024-01-01 02:30:00,muswellbrookchronicle.com.au,France,3.13199105145414
2024-01-01 02:30:00,centralwesterndaily.com.au,Aussies,-0.91324200913242
2024-01-01 02:30:00,muswellbrookchronicle.com.au,Aussie,-0.934579439252336
2024-01-01 02:30:00,muswellbrookchronicle.com.au,Aussies,-0.934579439252336
2024-01-01 02:30:00,greanvillepost.com,Ukraine,-2.87769784172662
2024-01-01 02:30:00,dailyexcelsior.com,"Kashmir, Jammu And Kashmir, India",5.68965517241379
2024-01-01 02:30:00,calgarysun.com,"New York, United States",1.78571428571429
2024-01-01 02:30:00,northcountrynow.com,"San Diego, California, United States",-4.8348106365834
2024-01-01 02:30:00,heritage.org,Canada,2.60736196319018
2024-01-01 02:30:00,dailymail.co.uk,"Madrid, Madrid, Spain",3.43511450381679
2024-01-01 02:30:00,thehindu.com,"Arabian Sea, India (General), India",-2.62123197903014
2024-01-01 02:30:00,sky.com,Ireland,-4.8868778280543
2024-01-01 02:15:00,vetogate.com,Saudi Arabia,8.40787119856887
2024-01-01 02:15:00,yangtse.com,"Sichuan, Gansu, China",3.39063992359121
2024-01-01 02:15:00,people.com.cn,"Gacha, Liaoning, China",2.91666666666667
2024-01-01 02:15:00,163.com,China,-5.625
2024-01-01 02:15:00,fznews.com.cn,"Guizhou, Hubei, China",1.33333333333333
2024-01-01 02:15:00,qianlong.com,"Guangdong, Jilin, China",1.67597765363128
2024-01-01 02:15:00,fznews.com.cn,"Fuzhou, Fujian, China",2.61324041811847
2024-01-01 02:15:00,ifeng.com,China,-3.3112582781457
2024-01-01 02:15:00,fjsen.com,"Fuzhou, Fujian, China",3.35195530726257
2024-01-01 02:15:00,fznews.com.cn,"Dongtai, Jiangsu, China",4.64516129032258
2024-01-01 02:15:00,fznews.com.cn,"Fujian, Fujian, China",-2.24403927068724
2024-01-01 02:15:00,fznews.com.cn,Taiwan,6.31578947368421
2024-01-01 02:15:00,people.com.cn,"Tianjin, Tianjin, China",2.28013029315961
2024-01-01 02:15:00,sina.com.cn,China,1.85185185185185
2024-01-01 02:15:00,fznews.com.cn,"Jinghai, Zhejiang, China",1.86706497386109
2024-01-01 02:15:00,qianlong.com,"Zhong Hua, Sichuan, China",4.86796054724785
2024-01-01 02:15:00,hljtv.com,"Huangpu, Guangdong, China",3.125
2024-01-01 02:15:00,cna.com.tw,United States,-0.210084033613446
2024-01-01 02:15:00,medienhaus.com,German,-2.4330900243309
2024-01-01 02:15:00,medienhaus.com,"California, United States",-7.93650793650794
2024-01-01 02:15:00,albiladpress.com,"Stockholm, Stockholm, Sweden",-6.32603406326034
2024-01-01 02:15:00,albiladpress.com,"Bapco, Al Janubiyah, Bahrain",1.44230769230769
2024-01-01 02:15:00,pikiran-rakyat.com,"Semarang, Jawa Tengah, Indonesia",-3.11111111111111
2024-01-01 02:15:00,pikiran-rakyat.com,"Jakarta, Jakarta Raya, Indonesia",-6.70103092783505
2024-01-01 02:15:00,setn.com,"Taiwan To, Hong Kong (General), Hong Kong",2.16689718764408
2024-01-01 02:15:00,ettoday.net,"Penghu, Penghu Xian, Taiwan",-6.78851174934726
2024-01-01 02:15:00,ettoday.net,"Taipei, T'ai-Pei, Taiwan",2.40963855421687
2024-01-01 02:15:00,ettoday.net,Peru,2.45368052078117
2024-01-01 02:15:00,dantri.com.vn,Chinese,1.41065830721003
2024-01-01 02:15:00,dantri.com.vn,"Hanoi, Ha N?I, Vietnam, Republic Of",2.54237288135593
2024-01-01 02:15:00,dantri.com.vn,Thailand,-2.67286461359675
2024-01-01 02:15:00,elshinta.com,"Jakarta, Jakarta Raya, Indonesia",-2.89855072463768
2024-01-01 02:15:00,finanzen.ch,"White House, District Of Columbia, United States",-1.79487179487179
2024-01-01 02:15:00,rosbalt.ru,"Bryansk, Bryanskaya Oblast', Russia",0.408441116405718
2024-01-01 02:15:00,cna.com.tw,"Alishan, Nantou Xian, Taiwan",5.26315789473684
2024-01-01 02:15:00,cna.com.tw,Israel,2.12093862815884
2024-01-01 02:15:00,singtaousa.com,"Long Deng, Guizhou, China",4.76190476190476
2024-01-01 02:15:00,radiopolar.com,"Bahia Douglas, Magallanes Y AntáIca Chilena, Chile",0.576822233875197
2024-01-01 02:15:00,ifeng.com,"Mudanjiang, Heilongjiang, China",0.0849617672047578
2024-01-01 02:15:00,maharashtratimes.com,"Pimpri, Maharashtra, India",-2.35042735042735
2024-01-01 02:15:00,udn.com,Italy,2.13114754098361
2024-01-01 02:15:00,udn.com,China,2.50260688216893
2024-01-01 02:15:00,elcomercio.es,Spain,-0.831600831600832
2024-01-01 02:15:00,engeplus.com.br,"Araucaria, ParanáR, Brazil",0.97629009762901
2024-01-01 02:15:00,kn-online.de,Chile,-1.8978102189781
2024-01-01 02:15:00,lanacion.com.py,"Colorado, United States",-4.43131462333826
2024-01-01 02:15:00,sn-online.de,"Brussels, Bruxelles-Capitale, Belgium",-1.8978102189781
2024-01-01 02:15:00,viveresanbenedetto.it,"Ascoli Piceno, Marche, Italy",-3.68731563421829
2024-01-01 02:15:00,weser-kurier.de,Ukraine,-2.40384615384615
2024-01-01 02:15:00,ifeng.com,China,5.61009817671809
2024-01-01 02:15:00,ifeng.com,"Nanchang, Jiangxi, China",-2.96435272045028
2024-01-01 02:15:00,ifeng.com,China,5.31400966183575
2024-01-01 02:15:00,ifeng.com,Chinese,-3.55987055016181
2024-01-01 02:15:00,vetogate.com,"Muhafazat Asyut, Asyut, Egypt",4.1025641025641
2024-01-01 02:15:00,fjsen.com,"Pingtan, Guangdong, China",9.96677740863787
2024-01-01 02:15:00,kmzx.org,Taiwan,0.7011393514461
2024-01-01 02:15:00,163.com,"Tang Yan, Guangdong, China",3.5978835978836
2024-01-01 02:15:00,albiladpress.com,Saudi Arabia,2.2140221402214
2024-01-01 02:15:00,liputan6.com,"Wanasari, Jawa Tengah, Indonesia",-11.8881118881119
2024-01-01 02:15:00,elshinta.com,"Bandung, Jawa Barat, Indonesia",-2.73972602739726
2024-01-01 02:15:00,kontan.co.id,"Yogyakarta, Yogyakarta, Indonesia",-1.02040816326531
2024-01-01 02:15:00,hronika.info,"California, United States",-1.45631067961165
2024-01-01 02:15:00,hronika.info,"Hollywood, California, United States",0.634920634920635
2024-01-01 02:15:00,ltn.com.tw,Taiwan,2.08816705336427
2024-01-01 02:15:00,republika.co.id,"Semarang, Jawa Tengah, Indonesia",-1.27388535031847
2024-01-01 02:15:00,udn.com,Japan,3.76016260162602
2024-01-01 02:45:00,globalsecurity.org,"Tel Aviv, Tel Aviv, Israel",-5.00190186382655
2024-01-01 02:45:00,en.people.cn,"Ningbo, Zhejiang, China",1.3215859030837
2024-01-01 02:45:00,streetinsider.com,"Maryland, United States",0.401606425702811
2024-01-01 02:45:00,foreignpolicy.com,American,-4.468764249886
2024-01-01 02:45:00,yahoo.com,"Florida, United States",1.43626570915619
2024-01-01 02:45:00,mysuncoast.com,"Cambridge, Cambridgeshire, United Kingdom",1.98170731707317
2024-01-01 02:45:00,k99.com,"Colorado, United States",1.76056338028169
2024-01-01 02:45:00,chiangraitimes.com,Finnish,1.05263157894737
2024-01-01 02:45:00,forbes.com,Germany,4.17981072555205
2024-01-01 02:45:00,yahoo.com,"Texas, United States",3.0690537084399
2024-01-01 02:45:00,wnd.com,"London, London, City Of, United Kingdom",-4.17940876656473
2024-01-01 02:45:00,wislawjournal.com,United States,-5.56768558951965
2024-01-01 02:45:00,bluemountainsgazette.com.au,"Canberra, Australian Capital Territory, Australia",-0.934579439252336
2024-01-01 02:45:00,koamnewsnow.com,"Texas, United States",-3.05084745762712
2024-01-01 02:45:00,fortbendstar.com,"Texas, United States",-1.83696900114811
2024-01-01 02:45:00,jpost.com,"Jerusalem, Israel (General), Israel",-8.64197530864197
2024-01-01 02:45:00,juneesoutherncross.com.au,Aussie,-0.934579439252336
2024-01-01 02:45:00,juneesoutherncross.com.au,Aussie,-0.934579439252336
2024-01-01 02:45:00,modernreaders.com,"Arizona, United States",0.738007380073801
2024-01-01 02:45:00,miragenews.com,Australian,4.04411764705882
2024-01-01 02:45:00,miragenews.com,Australia,2.92792792792793
2024-01-01 02:45:00,miragenews.com,Americans,3.03951367781155
2024-01-01 02:45:00,stockandland.com.au,Aussie,-0.103199174406605
2024-01-01 02:45:00,stockandland.com.au,Aussie,-0.103199174406605
2024-01-01 02:45:00,stockandland.com.au,Australia,-0.103199174406605
2024-01-01 02:45:00,chiangraitimes.com,"North Carolina, United States",-6.97674418604651
2024-01-01 02:45:00,stockandland.com.au,Australian,5.30035335689046
2024-01-01 02:45:00,stockandland.com.au,"Orbost, Victoria, Australia",0.705882352941177
2024-01-01 02:45:00,stockandland.com.au,"Orbost, Victoria, Australia",0.705882352941177
2024-01-01 02:45:00,fox32chicago.com,"Indiana, United States",-1.65289256198347
2024-01-01 02:45:00,juneesoutherncross.com.au,Netherlands,3.13199105145414
2024-01-01 02:45:00,odt.co.nz,Gold Coast,-3.11004784688995
2024-01-01 02:45:00,myjournalcourier.com,"Texas, United States",0.0
2024-01-01 02:45:00,chathamdailynews.ca,"Port Dover, Ontario, Canada",0.0
2024-01-01 02:45:00,theobserver.ca,"Port Dover, Ontario, Canada",0.0
2024-01-01 02:45:00,dawn.com,West Bank,-4.92307692307692
2024-01-01 02:45:00,belfasttelegraph.co.uk,United Kingdom,-0.368324125230203
2024-01-01 02:45:00,richmondandtwickenhamtimes.co.uk,United Kingdom,-0.36563071297989
2024-01-01 02:45:00,witneygazette.co.uk,United Kingdom,-0.36563071297989
2024-01-01 02:45:00,stourbridgenews.co.uk,British,-0.36563071297989
2024-01-01 02:45:00,halesowennews.co.uk,United Kingdom,-0.36563071297989
2024-01-01 02:45:00,eveningnews24.co.uk,British,-0.36563071297989
2024-01-01 02:45:00,asianimage.co.uk,British,-0.36563071297989
2024-01-01 02:45:00,thurrockgazette.co.uk,British,-0.36563071297989
2024-01-01 02:45:00,huntspost.co.uk,British,-0.36563071297989
2024-01-01 02:45:00,midweekherald.co.uk,British,-0.36563071297989
2024-01-01 02:45:00,ealingtimes.co.uk,Britons,-0.36563071297989
2024-01-01 02:45:00,messengernewspapers.co.uk,United Kingdom,-0.36563071297989
2024-01-01 02:45:00,freepressseries.co.uk,British,-0.36563071297989
2024-01-01 02:45:00,thenorthernecho.co.uk,United Kingdom,-0.36563071297989
2024-01-01 02:30:00,almasryalyoum.com,West Bank,-7.40740740740741
2024-01-01 02:30:00,alnilin.com,"Khartoum, Al Khartum, Sudan",-5.67765567765568
2024-01-01 02:30:00,shorouknews.com,West Bank,-11.9760479041916
2024-01-01 02:30:00,tuniscope.com,"Sidi Bouzid, Sidi Bu Zayd, Tunisia",-3.06122448979592
2024-01-01 02:30:00,ntvbd.com,"Bijoynagar, Chittagong, Bangladesh",-1.15894039735099
2024-01-01 02:30:00,boerse-social.com,Russian,0.819672131147541
2024-01-01 02:30:00,lvz.de,"Beijing, Beijing, China",-1.8978102189781
2024-01-01 02:30:00,afriquinfos.com,Rwanda,-3.92749244712991
2024-01-01 02:30:00,rtl.be,Swiss,0.543478260869565
2024-01-01 02:30:00,khaskhabar.com,"Maine, United States",-5.66666666666667
2024-01-01 02:30:00,monitor.hr,United Kingdom,-0.609756097560976
2024-01-01 02:30:00,harianjogja.com,"Bandung, Jawa Barat, Indonesia",-6.0702875399361
2024-01-01 02:30:00,harianjogja.com,"Bantul, Jawa Tengah, Indonesia",1.68918918918919
2024-01-01 02:30:00,harianjogja.com,"Nusa Tenggara, Indonesia (General), Indonesia",-2.35756385068762
2024-01-01 02:30:00,kompas.com,"Morodemak, Indonesia (General), Indonesia",-8.57142857142857
2024-01-01 02:30:00,kompas.com,Indonesia,-2.08333333333333
2024-01-01 02:30:00,koran-jakarta.com,"Jakarta, Jakarta Raya, Indonesia",-1.2987012987013
2024-01-01 02:30:00,koran-jakarta.com,"Bandung, Jawa Barat, Indonesia",-6.05095541401274
2024-01-01 02:30:00,koran-jakarta.com,"Tegalsari, Jawa Tengah, Indonesia",-6.98924731182796
2024-01-01 02:30:00,pikiran-rakyat.com,"Bandung, Jawa Barat, Indonesia",-5.64263322884012
2024-01-01 02:30:00,salernonotizie.it,Italian,-2.05128205128205
2024-01-01 02:30:00,donga.com,"Pyongyang, P'yongyang-Si, North Korea",4.15647921760391
2024-01-01 02:30:00,news1.kr,"Pyongyang, P'yongyang-Si, North Korea",3.07328605200946
2024-01-01 02:30:00,nrc.nl,"London, London, City Of, United Kingdom",-1.16655865197667
2024-01-01 02:30:00,banett.no,Norwegian,-3.14606741573034
2024-01-01 02:30:00,saltenposten.no,Norway,-0.388198757763975
2024-01-01 02:30:00,punjabitribuneonline.com,"Manipur, Uttar Pradesh, India",-2.16867469879518
2024-01-01 02:30:00,diariodepernambuco.com.br,Denmark,1.01010101010101
2024-01-01 02:30:00,lenta.ru,Russian,3.7037037037037
2024-01-01 02:30:00,diariodemorelos.com,"Jojutla, Morelos, Mexico",0.664451827242524
2024-01-01 02:30:00,elsiglodetorreon.com.mx,"Zaragoza, Baja California, Mexico",-0.809716599190283
2024-01-01 02:30:00,elvocero.com,"Paris, France (General), France",0.557880055788006
2024-01-01 02:30:00,periodicocentral.mx,Suede,-2.38095238095238
2024-01-01 02:30:00,postindependent.com,Venezuela,-0.469116497263487
2024-01-01 02:30:00,quadratin.com.mx,"Patzcuaro, Nayarit, Mexico",0.0
2024-01-01 02:30:00,xinhuanet.com,Panama,-3.52369380315917
2024-01-01 02:30:00,jang.com.pk,"Lahore, Punjab, Pakistan",-2.24867724867725
2024-01-01 02:30:00,antv.gov.vn,Vietnam,2.41935483870968
2024-01-01 02:30:00,thanhnien.vn,"Hanoi, Ha N?I, Vietnam, Republic Of",-5.26315789473684
2024-01-01 02:30:00,thoibaotaichinhvietnam.vn,Vietnam,1.35699373695198
2024-01-01 02:30:00,thoibaotaichinhvietnam.vn,Vietnam,-3.51437699680511
2024-01-01 02:30:00,thoibaotaichinhvietnam.vn,Vietnam,-6.5979381443299
2024-01-01 02:30:00,thoibaotaichinhvietnam.vn,"Hanoi, Ha N?I, Vietnam, Republic Of",2.05882352941176
2024-01-01 02:30:00,thoibaotaichinhvietnam.vn,Vietnam,3.08959835221421
2024-01-01 02:30:00,163.com,Spain,0.40650406504065
2024-01-01 02:30:00,auto.cnr.cn,"Xinjiang, Jiangxi, China",1.47157190635452
2024-01-01 02:30:00,auto.cnr.cn,"Tianjin, Tianjin, China",1.15783059110299
2024-01-01 02:30:00,cnr.cn,South Korea,-2.22222222222222
2024-01-01 02:30:00,cnr.cn,"Hunan, Jiangsu, China",2.67857142857143
2024-01-01 02:30:00,cnwest.com,"Macao, Macau (General), Macau",-0.461627236006924
2024-01-01 02:30:00,cnwest.com,"Zhejiang, Zhejiang, China",2.22588623248145
2024-01-01 02:30:00,fjsen.com,"Changle, Sichuan, China",11.8965517241379
2024-01-01 02:30:00,gx.cnr.cn,China,5.15151515151515
2024-01-01 02:30:00,hangzhou.com.cn,"Jingxing, Anhui, China",3.87409200968523
2024-01-01 02:30:00,hangzhou.com.cn,"Hangzhou, Zhejiang, China",4.23357664233577
2024-01-01 02:30:00,hangzhou.com.cn,"Guangxi, Guangxi, China",3.38095238095238
2024-01-01 02:30:00,hangzhou.com.cn,"Hangzhou, Zhejiang, China",2.58899676375405
2024-01-01 02:30:00,hangzhou.com.cn,"Hangzhou, Zhejiang, China",-3.3179012345679
2024-01-01 02:30:00,health.cnr.cn,"Jianfeng, Sichuan, China",-3.61216730038023
2024-01-01 02:30:00,hinews.cn,Antarctica,1.57894736842105
2024-01-01 02:30:00,house.cnr.cn,Zambia,1.01892285298399
2024-01-01 02:30:00,jl.cnr.cn,"Hunchun, Jilin, China",2.77185501066098
2024-01-01 02:30:00,news.cnr.cn,Hong Kong,1.6260162601626
2024-01-01 02:30:00,news.cnr.cn,"Colorado, United States",-2.6791277258567
2024-01-01 02:30:00,online.sh.cn,"Wanbei, Jiangxi, China",0.0
2024-01-01 02:30:00,online.sh.cn,"Shanghai, Shanghai, China",-2.89256198347107
2024-01-01 02:30:00,qianzhan.com,"Riyadh, Ar Riya?, Saudi Arabia",2.1094264996704
2024-01-01 02:30:00,shanghai.gov.cn,Han,4.74860335195531
2024-01-01 02:30:00,shanghai.gov.cn,"Shanghai, Shanghai, China",2.79146141215107
2024-01-01 02:30:00,shanghai.gov.cn,"Yangtze River, China (General), China",7.31707317073171
2024-01-01 02:30:00,shm.com.cn,"Incheon, Inch'on-Gwangyoksi, South Korea",5.79399141630901
2024-01-01 02:30:00,sina.com.cn,Mongolia,3.78071833648393
2024-01-01 02:30:00,travel.cnr.cn,"Wuhan, Hubei, China",-2.47148288973384
2024-01-01 02:30:00,world.hebnews.cn,Chinese,3.3890214797136
2024-01-01 02:30:00,yangtse.com,"Ningbo, Zhejiang, China",2.82685512367491
2024-01-01 03:00:00,thestar.com.my,Chinese,1.985559566787
2024-01-01 03:00:00,timesunion.com,"Texas, United States",-0.378071833648393
2024-01-01 03:00:00,meridianstar.com,United States,-0.391389432485322
2024-01-01 03:00:00,thenews.com.pk,Pakistanis,3.36134453781513
2024-01-01 03:00:00,southtahoenow.com,"California, United States",-0.336700336700336
2024-01-01 03:00:00,khmertimeskh.com,Thailand,1.09409190371991
2024-01-01 03:00:00,swindonadvertiser.co.uk,Britons,-0.36563071297989
2024-01-01 03:00:00,salisburyjournal.co.uk,United Kingdom,-0.36563071297989
2024-01-01 03:00:00,dunmowbroadcast.co.uk,Britons,-0.36563071297989
2024-01-01 03:00:00,leaderlive.co.uk,British,-0.36563071297989
2024-01-01 03:00:00,falmouthpacket.co.uk,British,-0.36563071297989
2024-01-01 03:00:00,newsshopper.co.uk,British,-0.36563071297989
2024-01-01 03:00:00,harwichandmanningtreestandard.co.uk,British,-0.36563071297989
2024-01-01 03:00:00,santacruzsentinel.com,"Georgia, United States",5.35987748851455
2024-01-01 03:00:00,wthr.com,Afghanistan,1.93370165745856
2024-01-01 03:00:00,abcactionnews.com,Danish,2.01550387596899
2024-01-01 03:00:00,dailycaller.com,"Californians, United States",-1.3745704467354
2024-01-01 03:00:00,khmertimeskh.com,Cambodian,1.2464046021093
2024-01-01 03:00:00,telegraphindia.com,"Ashdod, Hadarom, Israel",-1.25523012552301
2024-01-01 03:00:00,edmontonjournal.com,Canada,0.554675118858954
2024-01-01 03:00:00,thedailystar.net,Bangladesh,-1.44927536231884
2024-01-01 03:00:00,khmertimeskh.com,Cambodia,-8.04953560371517
2024-01-01 03:00:00,inquirer.net,"Philippine, Benguet, Philippines",-3.77358490566038
2024-01-01 03:00:00,abc7news.com,Israeli,-1.49625935162095
2024-01-01 03:00:00,montraykreyol.org,"New Jersey, United States",1.85459940652819
2024-01-01 03:00:00,farmweekly.com.au,Australia,5.30035335689046
2024-01-01 03:00:00,khmertimeskh.com,"Speu, KâóCham, Cambodia",-1.07296137339056
2024-01-01 03:00:00,khmertimeskh.com,"Istanbul, Istanbul, Turkey",4.1958041958042
2024-01-01 03:00:00,thesouthafrican.com,Jordan,4.34782608695652
2024-01-01 03:00:00,fnbnews.com,India,4.49784349969193
2024-01-01 03:00:00,philstar.com,Philippines,2.02095808383234
2024-01-01 03:00:00,thenews.com.pk,Afghans,-2.53731343283582
2024-01-01 03:00:00,fox5dc.com,"Washington, Washington, United States",-6.25
2024-01-01 03:00:00,koreaherald.com,"Yongsan, Cholla-Namdo, South Korea",2.97029702970297
2024-01-01 03:00:00,abc7ny.com,Danish,2.22222222222222
2024-01-01 03:00:00,abc7news.com,Greenland,2.22222222222222
2024-01-01 03:00:00,sunlive.co.nz,"Bay Of Plenty, Bay Of Plenty, New Zealand",1.73564753004005
2024-01-01 03:00:00,sunlive.co.nz,"Bay Of Plenty, Bay Of Plenty, New Zealand",1.73564753004005
2024-01-01 03:00:00,sunlive.co.nz,"Bay Of Plenty, Bay Of Plenty, New Zealand",1.73564753004005
2024-01-01 03:00:00,sunlive.co.nz,"Bay Of Plenty, Bay Of Plenty, New Zealand",1.73564753004005
2024-01-01 03:00:00,yasstribune.com.au,Aussie,-0.934579439252336
2024-01-01 03:00:00,northweststar.com.au,Aussies,-0.934579439252336
2024-01-01 03:00:00,batemansbaypost.com.au,Aussie,-0.934579439252336
2024-01-01 03:00:00,katherinetimes.com.au,Aussie,-0.934579439252336
2024-01-01 03:00:00,bridgwatermercury.co.uk,Britons,-0.36563071297989
2024-01-01 03:00:00,westerntelegraph.co.uk,United Kingdom,-0.36563071297989
2024-01-01 03:00:00,milfordmercury.co.uk,Britons,-0.36563071297989
2024-01-01 02:45:00,cas.sk,United States,-3.14465408805031
2024-01-01 02:45:00,hinews.cn,"Yangpu, Shanghai, China",3.89136603161735
2024-01-01 02:45:00,people.com.cn,"Dongsheng Li, Guangdong, China",1.89295039164491
2024-01-01 02:45:00,oggi.it,Italian,-0.822368421052631
2024-01-01 02:45:00,jim.fr,French,-1.82119205298013
2024-01-01 02:45:00,andishemoaser.ir,Iranian,1.99325360318921
2024-01-01 02:45:00,berliner-zeitung.de,"Weissensee, Berlin, Germany",-3.64664586583463
2024-01-01 02:45:00,163.com,India,0.48780487804878
2024-01-01 02:45:00,163.com,"Waigaoqiao, Shanghai, China",4.87720511933587
2024-01-01 02:45:00,163.com,America,-3.76124284546198
2024-01-01 02:45:00,antt.vn,Vietnam,-0.249376558603491
2024-01-01 02:45:00,aponet.de,German,-3.96039603960396
2024-01-01 02:45:00,baotintuc.vn,Vietnam,-2.00729927007299
2024-01-01 02:45:00,chinanews.com.cn,"Zhang Chen, Fujian, China",-1.85185185185185
2024-01-01 02:45:00,cyol.com,Hong Kong,1.35135135135135
2024-01-01 02:45:00,cyol.com,Argentina,-2.79295689131755
2024-01-01 02:45:00,cyol.com,"Beaconsfield, Tasmania, Australia",1.35135135135135
2024-01-01 02:45:00,elwatannews.com,"Dar Al Ifta Al Misriyah, Al Qahirah, Egypt",2.99003322259136
2024-01-01 02:45:00,epochtimes.com,"Beijing, Beijing, China",-2.45737211634905
2024-01-01 02:45:00,larazon.pe,"Piura, Piura, Peru",3.38266384778013
2024-01-01 02:45:00,liputan6.com,"Makassar, (Id20), Indonesia",-12.2905027932961
2024-01-01 02:45:00,ltn.com.tw,Hong Kong,0.253807106598985
2024-01-01 02:45:00,nmgnews.com.cn,"Xingren, Sichuan, China",3.41880341880342
2024-01-01 02:45:00,ohmynews.com,"Dokdo, Cholla-Namdo, South Korea",-6.32530120481928
2024-01-01 02:45:00,ohmynews.com,South Korea,-3.45368916797488
2024-01-01 02:45:00,pikiran-rakyat.com,Indonesia,-2.4
2024-01-01 02:45:00,tynews.com.cn,Han,-1.62810625535561
2024-01-01 02:45:00,tynews.com.cn,"Shanxi, Fujian, China",7.49574105621806
2024-01-01 02:45:00,workercn.cn,"Tokyo, Tokyo, Japan",4.90196078431373
2024-01-01 02:45:00,workercn.cn,"Yueyang, Hunan, China",0.289351851851852
2024-01-01 02:45:00,workercn.cn,"Jian Wei, Guangdong, China",0.296150049358341
2024-01-01 02:45:00,workercn.cn,"Yangzhou, Jiangsu, China",6.1046511627907
2024-01-01 02:45:00,l1.nl,German,0.643776824034334
2024-01-01 02:45:00,viva.co.id,"Jakarta, Jakarta Raya, Indonesia",-4.89510489510489
2024-01-01 02:45:00,pressafrik.com,"Kebemer, Louga, Senegal",0.0
2024-01-01 02:45:00,chinanews.com.cn,"Guangzhou, Guangdong, China",5.29032258064516
2024-01-01 02:45:00,dostor.org,Israeli,-2.7027027027027
2024-01-01 02:45:00,ohmynews.com,"Haeju, Cholla-Namdo, South Korea",0.744752877454299
2024-01-01 02:45:00,rfj.ch,Swiss,0.581395348837209
2024-01-01 02:45:00,tynews.com.cn,Zambia,2.11565585331453
2024-01-01 01:30:00,prostobankir.com.ua,Russian,-4.47845804988662
2024-01-01 01:30:00,ilsussidiario.net,Spain,5.35966149506347
2024-01-01 01:30:00,hangzhou.com.cn,"Los Angeles, California, United States",-5.55555555555556
2024-01-01 01:30:00,hangzhou.com.cn,China,2.85035629453682
2024-01-01 01:30:00,qianlong.com,"Haihe, Henan, China",4.50255603617774
2024-01-01 01:30:00,rus.delfi.lv,Nigeria,-1.05820105820106
2024-01-01 01:30:00,antaranews.com,"Cileunyi, Jawa Barat, Indonesia",-6.21621621621622
2024-01-01 01:30:00,sputnikportal.rs,Indonesian,3.68188512518409
2024-01-01 01:30:00,lokmat.com,"Mumbai, Maharashtra, India",1.0752688172043
2024-01-01 01:30:00,focus.ua,"Shanghai, Shanghai, China",-12.5
2024-01-01 01:30:00,gestion.pe,"Piura, Piura, Peru",0.705882352941176
2024-01-01 01:30:00,muzyka.interia.pl,"Cracow, Malopolskie, Poland",4.35413642960813
2024-01-01 01:30:00,plo.vn,Russian,-5.12223515715949
2024-01-01 01:30:00,yna.co.kr,United Kingdom,3.18725099601594
2024-01-01 01:30:00,yna.co.kr,"Guangzhou, Guangdong, China",0.748129675810474
2024-01-01 01:30:00,lapresse.ca,"Rafah, Shamal Sina', Egypt",-2.5615763546798
2024-01-01 01:30:00,sohu.com,"Wenbin, Liaoning, China",3.55263157894737
2024-01-01 01:30:00,sohu.com,"Heilongjiang, Heilongjiang, China",3.76811594202899
2024-01-01 01:30:00,sohu.com,"Taihe, Jilin, China",-6.32183908045977
2024-01-01 01:30:00,sohu.com,"Wu Yang, Guangdong, China",-0.928792569659442
2024-01-01 01:30:00,sohu.com,China,3.71367061356297
2024-01-01 01:30:00,evrensel.net,Israel,-4.16859657248726
2024-01-01 01:30:00,interris.it,"Rome, Lazio, Italy",3.19148936170213
2024-01-01 01:30:00,larepublica.ec,El Salvador,0.37037037037037
2024-01-01 01:30:00,punjabkesari.com,"Maine, United States",-6.22406639004149
2024-01-01 01:30:00,sakshi.com,Sri Lanka,1.00502512562814
2024-01-01 01:30:00,razon.com.mx,Mexico,0.0
2024-01-01 01:30:00,cronicadecantabria.com,Spain,-0.429645542427497
2024-01-01 01:30:00,cnnb.com.cn,"Zhejiang, Zhejiang, China",6.71140939597315
2024-01-01 01:30:00,xinhuanet.com,"Jianqiang, Shanghai, China",4.58404074702886
2024-01-01 01:30:00,jstv.com,"Beaconsfield, Tasmania, Australia",1.64383561643836
2024-01-01 01:30:00,qianlong.com,"Beijing, Beijing, China",2.84463894967177
2024-01-01 01:30:00,hangzhou.com.cn,"Xinjiang, Jiangxi, China",-1.8796992481203
2024-01-01 01:30:00,hangzhou.com.cn,"Hangzhou, Zhejiang, China",4.41988950276243
2024-01-01 01:30:00,iz.ru,China,-5.37974683544304
2024-01-01 01:30:00,elconfidencialdigital.com,"Zaragoza, Baja California, Mexico",-1.93370165745856
2024-01-01 01:30:00,antaranews.com,"Lampung, Kalimantan Tengah, Indonesia",-0.588235294117647
2024-01-01 01:30:00,antaranews.com,"Jakarta, Jakarta Raya, Indonesia",-2.7027027027027
2024-01-01 01:30:00,vlnradio.cl,Suede,-1.74927113702624
2024-01-01 01:30:00,lokmat.com,India,2.15827338129496
2024-01-01 01:30:00,plo.vn,India,2.27894257064722
2024-01-01 01:30:00,yna.co.kr,"New York, United States",-1.31578947368421
2024-01-01 01:30:00,inforegion.pe,Brazil,0.584795321637427
2024-01-01 01:30:00,diariouno.com.ar,Argentina,-0.220588235294117
2024-01-01 01:30:00,sohu.com,United States,0.0
2024-01-01 01:30:00,sohu.com,China,-2.92598967297763
2024-01-01 01:30:00,periodicocorreo.com.mx,Mexico,-5.4421768707483
2024-01-01 01:30:00,ru.apa.az,Azerbaijanis,2.97619047619048
2024-01-01 01:30:00,travel.tempo.co,"Palembang, (Id25), Indonesia",-6.68316831683168
2024-01-01 01:30:00,nasional.tempo.co,"Jakarta, Jakarta Raya, Indonesia",0.303030303030304
2024-01-01 01:30:00,udn.com,Chinese,-1.10294117647059
2024-01-01 01:30:00,correiodopovo.com.br,Danish,1.01781170483461
2024-01-01 01:30:00,elconfidencialdigital.com,Spain,-3.73831775700935
2024-01-01 01:30:00,lacapital.com.mx,"Nuevo Leon, Chiapas, Mexico",-0.775193798449612
2024-01-01 01:30:00,larepublica.ec,Ecuador,-1.1142061281337
2024-01-01 01:30:00,ndz.de,"Beijing, Beijing, China",-1.8978102189781
2024-01-01 01:30:00,ifeng.com,Chinese,-6.32911392405063
2024-01-01 01:30:00,ifeng.com,"Shenyang, Liaoning, China",3.40321263272529
2024-01-01 02:00:00,autoevolution.com,"Brisbane, Queensland, Australia",2.08333333333333
2024-01-01 02:00:00,newwestrecord.ca,Lebanon,-1.85185185185185
2024-01-01 02:00:00,goshennews.com,American,-0.391389432485322
2024-01-01 02:00:00,times-news.com,American,-0.831600831600832
2024-01-01 02:00:00,telegraphherald.com,"Washington, Washington, United States",-0.619834710743802
2024-01-01 02:00:00,farmweekly.com.au,"Manjimup, Western Australia, Australia",0.996204933586338
2024-01-01 02:00:00,blueprint.ng,Nigerian,-3.91389432485323
2024-01-01 02:00:00,fox34.com,American,-1.8957345971564
2024-01-01 02:00:00,farmweekly.com.au,"Lake Grace, Western Australia, Australia",0.657174151150055
2024-01-01 02:00:00,kcra.com,"Californians, United States",-1.80505415162455
2024-01-01 02:00:00,go.com,"California, United States",-1.85185185185185
2024-01-01 02:00:00,human-wrongs-watch.net,Norwegian,-18.9189189189189
2024-01-01 02:00:00,narrominenewsonline.com.au,"Sydney, New South Wales, Australia",2.81973816717019
2024-01-01 02:00:00,leadership.ng,Nigerians,1.12359550561798
2024-01-01 02:00:00,blueprint.ng,Nigerian,-3.58126721763085
2024-01-01 02:00:00,whatsnew2day.com,Iraq,-3.98089171974522
2024-01-01 02:00:00,dailyjournal.net,"Paris, France (General), France",1.99692780337942
2024-01-01 02:00:00,ky3.com,Greenland,1.98170731707317
2024-01-01 02:00:00,cnet.com,United States,0.0
2024-01-01 02:00:00,cnet.com,United States,0.0
2024-01-01 02:00:00,cnet.com,Japan,0.0
2024-01-01 02:00:00,dissidentvoice.org,Ukraine,-6.83120317320405
2024-01-01 02:00:00,strathroyagedispatch.com,"Port Dover, Ontario, Canada",0.0
2024-01-01 02:00:00,stratfordbeaconherald.com,"Norfolk County, Ontario, Canada",0.0
2024-01-01 02:00:00,clickondetroit.com,"Great Lakes, Michigan, United States",0.852272727272728
2024-01-01 02:00:00,fox23maine.com,"Maine, United States",-5.3030303030303
2024-01-01 02:00:00,ilfordrecorder.co.uk,British,-0.36563071297989
2024-01-01 02:00:00,maldonandburnhamstandard.co.uk,United Kingdom,-0.36563071297989
2024-01-01 02:00:00,islingtongazette.co.uk,British,-0.36563071297989
2024-01-01 02:00:00,farmweekly.com.au,"Brookton, Western Australia, Australia",0.816743236345074
2024-01-01 02:00:00,westernadvocate.com.au,Australia,0.894854586129754
2024-01-01 02:00:00,autoevolution.com,"Taipei, T'ai-Pei, Taiwan",2.53456221198157
2024-01-01 02:00:00,thejerseytomatopress.com,Gibraltar,-4.87408610885459
2024-01-01 02:00:00,canberratimes.com.au,Aussie,-0.934579439252336
2024-01-01 02:00:00,macleayargus.com.au,Australian,-0.934579439252336
2024-01-01 02:00:00,therural.com.au,Australian,-0.934579439252336
2024-01-01 02:00:00,canberratimes.com.au,Aussie,-0.934579439252336
2024-01-01 02:00:00,narrominenewsonline.com.au,"Canberra, Australian Capital Territory, Australia",-0.91324200913242
2024-01-01 02:00:00,narrominenewsonline.com.au,Aussies,-0.91324200913242
2024-01-01 02:00:00,gazetteseries.co.uk,British,-0.36563071297989
2024-01-01 02:00:00,northwichguardian.co.uk,United Kingdom,-0.36563071297989
2024-01-01 02:00:00,bridportnews.co.uk,Britons,-0.36563071297989
2024-01-01 01:45:00,dostor.org,Palestinian,-4.34782608695652
2024-01-01 01:45:00,elwadynews.com,United States,-3.13725490196078
2024-01-01 01:45:00,root.cz,Czech Republic,-0.824742268041237
2024-01-01 01:45:00,banksnews.gr,Ukraine,1.59362549800797
2024-01-01 01:45:00,banksnews.gr,Greek,1.12994350282486
2024-01-01 01:45:00,efsyn.gr,United States,-1.6551724137931
2024-01-01 01:45:00,matrix24.gr,French,1.45454545454545
2024-01-01 01:45:00,matrix24.gr,Greek,-0.289017341040462
2024-01-01 01:45:00,thetoc.gr,Greek,1.44444444444444
2024-01-01 01:45:00,guineematin.com,Mexico,-2.14067278287462
2024-01-01 01:45:00,mondialisation.ca,Israel,-5.11679644048943
2024-01-01 01:45:00,mondialisation.ca,Taiwan,-3.06582506762849
2024-01-01 01:45:00,mondialisation.ca,"Cambridge, Cambridgeshire, United Kingdom",-2.79569892473118
2024-01-01 01:45:00,rjb.ch,Swiss,0.581395348837209
2024-01-01 01:45:00,okezone.com,"Jakarta, Jakarta Raya, Indonesia",-1.0
2024-01-01 01:45:00,okezone.com,"Jakarta, Jakarta Raya, Indonesia",-1.03092783505155
2024-01-01 01:45:00,okezone.com,"Jakarta, Jakarta Raya, Indonesia",0.0
2024-01-01 01:45:00,newspim.com,"Chungbuk, Kyongsang-Bukto, South Korea",2.17391304347826
2024-01-01 01:45:00,newspim.com,Han,0.779220779220779
2024-01-01 01:45:00,heraldcorp.com,"Jangseong, Kyonggi-Do, South Korea",-5.10948905109489
2024-01-01 01:45:00,auto-swiat.pl,"Szczepanowice, LóIe, Poland",0.108577633007601
2024-01-01 01:45:00,tvn24.pl,"Greccio, Lazio, Italy",4.72175379426644
2024-01-01 01:45:00,1news.az,Ukraine,1.26582278481013
2024-01-01 01:45:00,ura.news,"Ekaterinburg, Sverdlovskaya Oblast', Russia",-2.5
2024-01-01 01:45:00,lrt.lt,Ukrainian,-1.98198198198198
2024-01-01 01:45:00,pnp.ru,Russia,1.19156736938588
2024-01-01 01:45:00,blog.sme.sk,"Klucove, Nitriansky, Slovak Republic",0.855871276959945
2024-01-01 01:45:00,cnn.com,"Hawaii, United States",0.962566844919786
2024-01-01 01:45:00,lasexta.com,German,-0.29940119760479
2024-01-01 01:45:00,teletica.com,Denmark,2.02020202020202
2024-01-01 01:45:00,abc.com.py,Paraguay,1.22249388753056
2024-01-01 01:45:00,elfinanciero.com.mx,Mexico,-0.24330900243309
2024-01-01 01:45:00,notiactual.com,American,-0.639386189258311
2024-01-01 01:45:00,zocalo.com.mx,"Coahuila, Sonora, Mexico",-1.10864745011086
2024-01-01 01:45:00,rtv21.tv,Romania,1.4065180102916
2024-01-01 01:45:00,pravda.com.ua,Israel,6.71140939597315
2024-01-01 01:45:00,baomoi.com,Vietnam,1.04602510460251
2024-01-01 01:45:00,tuoitre.vn,"Hanoi, Ha N?I, Vietnam, Republic Of",-6.91562932226833
2024-01-01 01:45:00,daidoanket.vn,Vietnam,0.393700787401575
2024-01-01 01:45:00,phunutoday.vn,Vietnam,0.177619893428064
2024-01-01 01:45:00,ifeng.com,"Hangzhou, Zhejiang, China",-3.35570469798658
2024-01-01 01:45:00,aweb.com.cn,"Nongbo, Xizang, China",-5.18602029312289
2024-01-01 01:45:00,eastmoney.com,"Shanghai, Shanghai, China",2.20385674931129
2024-01-01 01:45:00,mingpao.com,Philippines,-0.496277915632754
2024-01-01 01:45:00,mingpao.com,Hong Kong,2.04918032786885
2024-01-01 01:45:00,ifeng.com,"Phoenix, Arizona, United States",9.09090909090909
2024-01-01 01:45:00,wallstreetcn.com,Israel,-1.54731917956099
2024-01-01 01:45:00,ifeng.com,"Guangdong, Jilin, China",0.413223140495868
2024-01-01 02:15:00,dnaindia.com,"Uttar Pradesh, Uttar Pradesh, India",4.24403183023873
2024-01-01 02:15:00,gulf-times.com,"Doha, Ad Daw?Ah, Qatar",6.48330058939096
2024-01-01 02:15:00,gulf-times.com,Qatar,4.95049504950495
2024-01-01 02:15:00,wdsu.com,Ukraine,0.22002200220022
2024-01-01 02:15:00,thewesterlysun.com,German,-3.85802469135803
2024-01-01 02:15:00,insurancejournal.com,"Indiana, United States",3.13700384122919
2024-01-01 02:15:00,thephuketnews.com,Russian,-1.48514851485149
2024-01-01 02:15:00,swoknews.com,"Texas, United States",-0.831600831600832
2024-01-01 02:15:00,bc.ctvnews.ca,"Victoria Harbour, Ontario, Canada",-0.361663652802893
2024-01-01 02:15:00,cavalierdaily.com,"Virginia, United States",-5.8252427184466
2024-01-01 02:15:00,kathmandupost.com,"Lalitpur, Nepal (General), Nepal",-1.43312101910828
2024-01-01 02:15:00,nny360.com,Japanese,0.87463556851312
2024-01-01 02:15:00,menafn.com,Azerbaijan,3.75
2024-01-01 02:15:00,breitbart.com,"Denver, Colorado, United States",-2.83464566929134
2024-01-01 02:15:00,breitbart.com,America,1.74825174825175
2024-01-01 02:15:00,autoconnectedcar.com,"New York, United States",4.18210693488618
2024-01-01 02:15:00,theconservativetreehouse.com,"Colorado, United States",-0.136363636363636
2024-01-01 02:15:00,theconservativetreehouse.com,"Texas, United States",-0.136363636363636
2024-01-01 02:15:00,chron.com,"Washington, Washington, United States",-0.378071833648393
2024-01-01 02:15:00,sconeadvocate.com.au,"Jervis Bay, Australian Capital Territory, Australia",2.97723292469352
2024-01-01 02:15:00,charlotteobserver.com,"Geneva, Genè, Switzerland",-7.1304347826087
2024-01-01 02:15:00,sconeadvocate.com.au,Australian,-0.934579439252336
2024-01-01 02:15:00,youngwitness.com.au,"Canberra, Australian Capital Territory, Australia",-0.934579439252336
2024-01-01 02:15:00,bubblear.com,"Rio De Janeiro, Estado Do Rio, Brazil",-1.28361858190709
2024-01-01 02:15:00,scrippsnews.com,"Copenhagen, KøAvn*, Denmark",2.01550387596899
2024-01-01 02:15:00,agrinews-pubs.com,"Kansas, United States",-1.1864406779661
2024-01-01 02:15:00,agrinews-pubs.com,"University Of Illinois, Illinois, United States",5.12820512820513
2024-01-01 02:15:00,webindia123.com,Israel,2.03252032520325
2024-01-01 02:15:00,vietnamnews.vn,Vietnam,-4.510556621881
2024-01-01 02:15:00,kathmandupost.com,South Korea,-6.35514018691589
2024-01-01 02:15:00,vietnamnews.vn,Vietnamese,0.968523002421307
2024-01-01 02:15:00,agrinews-pubs.com,Germany,-1.66865315852205
2024-01-01 02:15:00,brentwoodlive.co.uk,United Kingdom,-0.36563071297989
2024-01-01 02:15:00,whtimes.co.uk,Britons,-0.36563071297989
2024-01-01 02:15:00,rhyljournal.co.uk,British,-0.36563071297989
2024-01-01 02:15:00,eastlondonadvertiser.co.uk,Britons,-0.36563071297989
2024-01-01 02:15:00,dailyecho.co.uk,British,-0.36563071297989
2024-01-01 02:15:00,burytimes.co.uk,Britons,-0.36563071297989
2024-01-01 02:15:00,elystandard.co.uk,British,-0.36563071297989
2024-01-01 02:15:00,barryanddistrictnews.co.uk,British,-0.36563071297989
2024-01-01 02:15:00,glasgowtimes.co.uk,Britons,-0.36563071297989
2024-01-01 02:15:00,chesterstandard.co.uk,British,-0.36563071297989
2024-01-01 02:15:00,clydebankpost.co.uk,British,-0.36563071297989
2024-01-01 02:15:00,cotswoldjournal.co.uk,British,-0.36563071297989
2024-01-01 02:15:00,keighleynews.co.uk,British,-0.36563071297989
2024-01-01 02:15:00,malverngazette.co.uk,United Kingdom,-0.36563071297989
2024-01-01 02:00:00,albayan.ae,Turkey,2.49728555917481
2024-01-01 02:00:00,solinger-tageblatt.de,Brazil,-1.8978102189781
2024-01-01 02:00:00,leral.net,Senegal,0.396039603960396
2024-01-01 02:00:00,ahram.org.eg,German,2.92134831460674
2024-01-01 02:00:00,ahram.org.eg,Egyptian,1.1243851018974
2024-01-01 02:00:00,lapresse.ca,United States,-2.64550264550265
2024-01-01 02:00:00,rtn.ch,"Geneva, Genè, Switzerland",0.581395348837209
2024-01-01 02:00:00,pikiran-rakyat.com,"Florida, United States",-6.56565656565657
2024-01-01 02:00:00,bisnis.com,"Bengkulu, Bengkulu, Indonesia",0.298210735586481
2024-01-01 02:00:00,bisnis.com,"Nusa Tenggara, Indonesia (General), Indonesia",-2.55402750491159
2024-01-01 02:00:00,heraldcorp.com,Japan,-0.729442970822281
2024-01-01 02:00:00,ekantipur.com,Nepal,0.983606557377049
2024-01-01 02:00:00,ekantipur.com,"Kathmandu, Bagmati, Nepal",-0.95808383233533
2024-01-01 02:00:00,ehimalayatimes.com,"Gandaki, Gandaki, Nepal",2.4
2024-01-01 02:00:00,ehimalayatimes.com,Nepal,1.53374233128834
2024-01-01 02:00:00,estadao.com.br,Brazil,0.55452865064695
2024-01-01 02:00:00,estadao.com.br,Brazil,0.804289544235925
2024-01-01 02:00:00,ria.ru,Russians,2.7027027027027
2024-01-01 02:00:00,m24.ru,Japanese,-6.34146341463415
2024-01-01 02:00:00,diariodecadiz.es,American,1.33928571428571
2024-01-01 02:00:00,diariodecadiz.es,"Madrid, Madrid, Spain",0.210304942166141
2024-01-01 02:00:00,granadahoy.com,Spain,0.210304942166141
2024-01-01 02:00:00,huelvainformacion.es,Chinese,1.33928571428571
2024-01-01 02:00:00,huelvainformacion.es,"Madrid, Madrid, Spain",0.210304942166141
2024-01-01 02:00:00,telemundo51.com,"Miami, Florida, United States",-5.1440329218107
2024-01-01 02:00:00,angulo7.com.mx,Panama,-0.418410041841004
2024-01-01 02:00:00,crhoy.com,American,2.90135396518375
2024-01-01 02:00:00,terra.com,Canada,0.643086816720257
2024-01-01 02:00:00,haberturk.com,"Hakkari, Hakkâ, Turkey",-6.52173913043478
2024-01-01 02:00:00,fjsen.com,"Bayan Nur, Nei Mongol, China",3.41510341510341
2024-01-01 02:00:00,fjsen.com,China,0.504731861198738
2024-01-01 02:00:00,myrb.net,Chinese,5.81148121899362
2024-01-01 02:00:00,qianlong.com,"Dongcheng, Shaanxi, China",1.59235668789809
2024-01-01 02:00:00,ahnews.com.cn,"Inner Mongolia, Nei Mongol, China",3.3890214797136
2024-01-01 02:00:00,myrb.net,Chinese,3.96341463414634
2024-01-01 02:00:00,myrb.net,"Zhang Li, Shaanxi, China",6.68789808917197
2024-01-01 02:00:00,ahnews.com.cn,China,4.31778929188256
2024-01-01 02:00:00,chinaqw.com,"Pingtan, Guangdong, China",0.802919708029197
2024-01-01 02:00:00,setn.com,Japan,-2.73141122913505
2024-01-01 02:00:00,sina.com.cn,Switzerland,2.34584450402145
2024-01-01 02:00:00,ifeng.com,"Phoenix, Arizona, United States",2.1875
2024-01-01 02:00:00,ifeng.com,China,-4.10122164048866
2024-01-01 02:00:00,ifeng.com,China,-6.49038461538462
2024-01-01 00:45:00,alriyadh.com,United Kingdom,1.85185185185185
2024-01-01 00:45:00,alriyadh.com,Poland,1.85185185185185
2024-01-01 00:45:00,alriyadh.com,Danish,2.34741784037559
2024-01-01 00:45:00,alriyadh.com,"Riyadh, Ar Riya?, Saudi Arabia",-4.76190476190476
2024-01-01 00:45:00,alriyadh.com,"Mecca, Makkah, Saudi Arabia",4.92285084496694
2024-01-01 00:45:00,hespress.com,"Nador, Oriental, Morocco",1.43540669856459
2024-01-01 00:45:00,letemsvetemapplem.eu,Czech Republic,3.88349514563107
2024-01-01 00:45:00,medienhaus.com,Ukraine,-2.18068535825545
2024-01-01 00:45:00,bazonline.ch,"Copenhagen, KøAvn*, Denmark",0.11806375442739
2024-01-01 00:45:00,ostsee-zeitung.de,Chile,-1.8978102189781
2024-01-01 00:45:00,ekriti.gr,Spain,-4.59770114942529
2024-01-01 00:45:00,ekriti.gr,United Kingdom,0.469483568075117
2024-01-01 00:45:00,voria.gr,France,1.55642023346303
2024-01-01 00:45:00,dnews.gr,Ukraine,1.75438596491228
2024-01-01 00:45:00,developpez.com,United States,-6.60313138189244
2024-01-01 00:45:00,varmatin.com,"Valletta, Malta (General), Malta",4.23529411764706
2024-01-01 00:45:00,kaloumpresse.com,Guinea,1.38169257340242
2024-01-01 00:45:00,rfi.fr,Ukrainian,-2.01149425287356
2024-01-01 00:45:00,rfi.fr,"Rome, Lazio, Italy",-1.2396694214876
2024-01-01 00:45:00,lentreprise.lexpress.fr,France,0.0794912559618441
2024-01-01 00:45:00,prabhatkhabar.com,"Gandhinagar, Gujarat, India",4.89130434782609
2024-01-01 00:45:00,felvidek.ma,"Budapest, Budapest, Hungary",4.39238653001464
2024-01-01 00:45:00,okezone.com,"Cileunyi, Jawa Barat, Indonesia",-10.6870229007634
2024-01-01 00:45:00,pikiran-rakyat.com,Timor,-7.34463276836158
2024-01-01 00:45:00,pikiran-rakyat.com,"Tegalsari, Jawa Tengah, Indonesia",-9.55882352941176
2024-01-01 00:45:00,jpnn.com,"Jakarta, Jakarta Raya, Indonesia",-5.21739130434783
2024-01-01 00:45:00,jpnn.com,"Bangli, Jawa Timur, Indonesia",-0.666666666666667
2024-01-01 00:45:00,jpnn.com,"Surabaya, Jawa Timur, Indonesia",-9.3167701863354
2024-01-01 00:45:00,quotidiano.net,Italian,3.01204819277108
2024-01-01 00:45:00,nate.com,"Yongsan, Hamgyong-Bukto, North Korea",-0.389105058365759
2024-01-01 00:45:00,hankookilbo.com,Korea,3.92857142857143
2024-01-01 00:45:00,hankookilbo.com,Korea,-6.40478223740393
2024-01-01 00:45:00,hankookilbo.com,"Seoul, Soul-T'ukpyolsi, South Korea",-6.40478223740393
2024-01-01 00:45:00,hankookilbo.com,United Kingdom,2.17391304347826
2024-01-01 00:45:00,time.mk,"Skopje, Macedonia (General), Macedonia",0.764818355640535
2024-01-01 00:45:00,gorkhapatraonline.com,"Jumla, Nepal (General), Nepal",-2.51256281407035
2024-01-01 00:45:00,ratopati.com,"Kathmandu, Bagmati, Nepal",2.72727272727273
2024-01-01 00:45:00,waterkant.net,Suriname,-5.29801324503311
2024-01-01 00:45:00,jornaldebrasilia.com.br,"Paris, France (General), France",-2.30566534914361
2024-01-01 00:45:00,jornaldebrasilia.com.br,Danish,0.980392156862745
2024-01-01 00:45:00,progresso.com.br,Brazilian,1.02996254681648
2024-01-01 00:45:00,tribunahoje.com,Brazilian,1.69014084507042
2024-01-01 00:45:00,tribunahoje.com,Brazil,0.110619469026549
2024-01-01 00:45:00,globo.com,"Antonio Goncalves, Minas Gerais, Brazil",0.0
2024-01-01 00:45:00,news.mail.ru,Russian Federation,-0.706991358994501
2024-01-01 00:45:00,rb.ru,Russia,-2.64650283553875
2024-01-01 00:45:00,diariodelaltoaragon.es,"Madrid, Madrid, Spain",2.11081794195251
2024-01-01 00:45:00,noticiasrcn.com,"Managua, Managua, Nicaragua",1.30111524163569
2024-01-01 00:45:00,lasillarota.com,Brazil,-1.44404332129964
2024-01-01 00:45:00,eldeber.com.bo,Ukraine,2.40770465489567
2024-01-01 00:45:00,mdzol.com,Ukraine,1.27970749542962
2024-01-01 00:45:00,vanguardia.com,Colombia,-2.59067357512953
2024-01-01 00:45:00,yeniakit.com.tr,"Washington, Washington, United States",1.70132325141777
2024-01-01 00:45:00,kibrisgazetesi.com,"Phoenix, Arizona, United States",-2.20820189274448
2024-01-01 00:45:00,baomoi.com,Vietnam,5.27075812274368
2024-01-01 00:45:00,baomoi.com,Vietnam,2.44590780809031
2024-01-01 00:45:00,soha.vn,Chinese,-0.763358778625954
2024-01-01 00:45:00,soha.vn,"Hanoi, Ha N?I, Vietnam, Republic Of",-6.83111954459203
2024-01-01 00:45:00,tinnhanhchungkhoan.vn,United States,-0.811359026369168
2024-01-01 00:45:00,163.com,"Macao, Macau (General), Macau",-0.499375780274657
2024-01-01 00:45:00,ycwb.com,"Guangdong, Jilin, China",1.89189189189189
2024-01-01 00:30:00,26sep.net,"Gaza, Israel (General), Israel",4.63917525773196
2024-01-01 00:30:00,elbadil.com,Algerian,2.67175572519084
2024-01-01 00:30:00,elfagr.org,Egypt,2.00501253132832
2024-01-01 00:30:00,525.az,"Zangezur, Syunik', Armenia",-0.0782472613458536
2024-01-01 00:30:00,525.az,Azerbaijan,-0.0782472613458536
2024-01-01 00:30:00,freiewelt.net,United States,-2.96703296703297
2024-01-01 00:30:00,rga.de,Chile,-1.8978102189781
2024-01-01 00:30:00,lykavitos.gr,France,1.53846153846154
2024-01-01 00:30:00,reader.gr,"Beijing, Beijing, China",-6.3231850117096
2024-01-01 00:30:00,guineematin.com,"Badala, Kissidougou, Guinea",-2.86343612334802
2024-01-01 00:30:00,lechodelaval.ca,"Gaspe, Quebec, Canada",-0.898203592814371
2024-01-01 00:30:00,lechodelaval.ca,Russia,-4.81927710843374
2024-01-01 00:30:00,glas-slavonije.hr,Croatia,5.17711171662125
2024-01-01 00:30:00,antaranews.com,India,-1.12612612612613
2024-01-01 00:30:00,pikiran-rakyat.com,"Gorontalo, Gorontalo, Indonesia",0.0
2024-01-01 00:30:00,cdt.ch,France,0.0
2024-01-01 00:30:00,cdt.ch,"Lugano, Ticino, Switzerland",0.0
2024-01-01 00:30:00,irpinianews.it,"Irpinia, Italy (General), Italy",2.64900662251656
2024-01-01 00:30:00,klaipeda.diena.lt,Russia,-4.51127819548872
2024-01-01 00:30:00,waldnet.nl,"Leeuwarden, Friesland, Netherlands",-6.52173913043478
2024-01-01 00:30:00,conjur.com.br,Brazilian,-2.57826887661142
2024-01-01 00:30:00,romaniatv.net,Russia,-1.14503816793893
2024-01-01 00:30:00,vesti.az,Azerbaijan,-0.696864111498257
2024-01-01 00:30:00,vesti.az,French,-6.25
2024-01-01 00:30:00,america-retail.com,Costa Rica,4.13669064748201
2024-01-01 00:30:00,diariopaillaco.cl,"Liquine, Region De Los Rios, Chile",1.37404580152672
2024-01-01 00:30:00,elmanana.com,Mexico,-4.25287356321839
2024-01-01 00:30:00,finanzasdigital.com,America,0.0
2024-01-01 00:30:00,lapagina.com.sv,El Salvador,-0.292397660818713
2024-01-01 00:30:00,lapagina.com.sv,"California, United States",0.427350427350427
2024-01-01 00:30:00,ntrzacatecas.com,"Monte Cristo, Chiapas, Mexico",3.65853658536585
2024-01-01 00:30:00,razon.com.mx,Mexico,0.0
2024-01-01 00:30:00,ultimahora.es,Suede,0.760456273764258
2024-01-01 00:30:00,ultimahora.es,Sudan,-3.71900826446281
2024-01-01 00:30:00,ultimahora.es,Ukraine,-7.59162303664921
2024-01-01 00:30:00,versionfinal.com.ve,Venezuela,-1.60734787600459
2024-01-01 00:30:00,baomoi.com,United States,-0.82389289392379
2024-01-01 00:30:00,doisongphapluat.com,"Hanoi, Ha N?I, Vietnam, Republic Of",4.70914127423823
2024-01-01 00:30:00,aweb.com.cn,"Sichuan, Gansu, China",0.589970501474926
2024-01-01 00:30:00,azertag.az,Germany,-0.0635727908455186
2024-01-01 00:30:00,ifeng.com,"Hebei, Jilin, China",-4.16666666666667
2024-01-01 00:30:00,ifeng.com,China,10.3498542274052
2024-01-01 00:30:00,workercn.cn,"Yangtze River, China (General), China",7.08401976935749
2024-01-01 00:30:00,workercn.cn,China,0.28612303290415
2024-01-01 00:45:00,globalnews.ca,Canadian,-1.69491525423729
2024-01-01 00:45:00,albd.org,"Dhaka, Dhaka, Bangladesh",1.13753877973113
2024-01-01 00:45:00,timesreview.com,"Miami, Florida, United States",1.67865707434053
2024-01-01 00:45:00,leadership.ng,United States,-5.27150217994451
2024-01-01 00:45:00,donegallive.ie,Ireland,0.932090545938748
2024-01-01 00:45:00,yakimaherald.com,German,-5.07497116493656
2024-01-01 00:45:00,abc10.com,"California, United States",-2.08333333333333
2024-01-01 00:45:00,yahoo.com,United States,-5.45454545454545
2024-01-01 00:45:00,deadline.com,"Hollywood, California, United States",1.65137614678899
2024-01-01 00:45:00,nsnews.com,"Langley, British Columbia, Canada",-5.5640243902439
2024-01-01 00:45:00,burnabynow.com,"Vancouver, British Columbia, Canada",-5.5640243902439
2024-01-01 00:45:00,financialexpress.com,India,0.455062571103527
2024-01-01 00:45:00,freestonecountytimesonline.com,"Texans, United States",1.77514792899408
2024-01-01 00:45:00,wonkette.com,"New York, United States",-2.86396181384248
2024-01-01 00:45:00,postindependent.com,"Utah, United States",0.467289719626168
2024-01-01 00:45:00,bordermail.com.au,"Canberra, Australian Capital Territory, Australia",-0.934579439252336
2024-01-01 00:45:00,bordermail.com.au,Australian,-0.934579439252336
2024-01-01 00:45:00,hindustantimes.com,"Gaza, Israel (General), Israel",-3.88349514563107
2024-01-01 00:45:00,nynganobserver.com.au,"Canberra, Australian Capital Territory, Australia",-0.91324200913242
2024-01-01 00:45:00,nynganobserver.com.au,Aussies,-0.91324200913242
2024-01-01 00:45:00,cbc.ca,"Montreal, Quebec, Canada",-1.30232558139535
2024-01-01 00:45:00,jordantimes.com,"Kyoto, Kyoto, Japan",1.09756097560976
2024-01-01 00:45:00,jordantimes.com,"Copenhagen, KøAvn*, Denmark",3.44009489916963
2024-01-01 00:45:00,thisislocallondon.co.uk,"Ardingly, West Sussex, United Kingdom",2.67639902676399
2024-01-01 00:45:00,eastidahonews.com,Greenland,2.01550387596899
2024-01-01 00:45:00,theleader.com.au,Australians,3.13199105145414
2024-01-01 00:45:00,theleader.com.au,"Sydney Harbour, New South Wales, Australia",-3.71352785145889
2024-01-01 00:45:00,irishnews.com,Britons,-0.173010380622838
2024-01-01 00:45:00,heraldgoa.in,"Panjim, Goa, India",-2.3696682464455
2024-01-01 00:45:00,simcoereformer.ca,"Delhi, Delhi, India",0.0
2024-01-01 00:45:00,brantfordexpositor.ca,"Delhi, Delhi, India",0.0
2024-01-01 00:45:00,ctvnews.ca,Ukraine,-1.88888888888889
2024-01-01 00:45:00,burnabynow.com,Russia,-1.85185185185185
2024-01-01 00:45:00,nsnews.com,Russia,-1.85185185185185
2024-01-01 00:45:00,cranbrooktownsman.com,Palestine,-5.71234274056443
2024-01-01 00:45:00,comoxvalleyrecord.com,"Mumbai, Maharashtra, India",-5.71234274056443
2024-01-01 00:45:00,nanaimobulletin.com,"Edinburgh, Edinburgh, City Of, United Kingdom",-5.71234274056443
2024-01-01 00:45:00,wiltshiretimes.co.uk,British,-0.36563071297989
2024-01-01 00:45:00,yourlocalguardian.co.uk,Britons,-0.36563071297989
2024-01-01 00:45:00,hillingdontimes.co.uk,Britons,-0.36563071297989
2024-01-01 00:45:00,denbighshirefreepress.co.uk,Britons,-0.36563071297989
2024-01-01 00:45:00,ludlowadvertiser.co.uk,British,-0.36563071297989
2024-01-01 00:45:00,kilburntimes.co.uk,Britons,-0.36563071297989
2024-01-01 00:45:00,thewestmorlandgazette.co.uk,United Kingdom,-0.36563071297989
2024-01-01 00:45:00,surreycomet.co.uk,United Kingdom,-0.36563071297989
2024-01-01 00:45:00,clactonandfrintongazette.co.uk,Britons,-0.36563071297989
2024-01-01 00:30:00,prnewswire.com,Saudi Arabia,6.14525139664805
2024-01-01 00:30:00,punchng.com,Nigerian,1.33333333333333
2024-01-01 00:30:00,limerickleader.ie,Ukraine,0.932090545938748
2024-01-01 00:30:00,bakeryandsnacks.com,Canada,10.5769230769231
2024-01-01 00:30:00,christiannews.net,"Fikyu, Nigeria (General), Nigeria",-5.90994371482176
2024-01-01 00:30:00,prnewswire.com,"Baltimore, Maryland, United States",0.40281973816717
2024-01-01 00:30:00,prnewswire.com,"Sepetiba, Estado Do Rio, Brazil",-1.26262626262626
2024-01-01 00:30:00,go.com,American,-0.835073068893529
2024-01-01 00:30:00,2lt.com.au,China,0.843881856540085
2024-01-01 00:30:00,shanghaisun.com,United States,0.84530853761623
2024-01-01 00:30:00,bnd.com,"Californians, United States",0.224719101123596
2024-01-01 00:30:00,prpeak.com,"Langley, British Columbia, Canada",-5.5640243902439
2024-01-01 00:30:00,delta-optimist.com,"Langley, British Columbia, Canada",-5.5640243902439
2024-01-01 00:30:00,wweek.com,"Oregon, United States",-2.94906166219839
2024-01-01 00:30:00,littlerocksoiree.com,"Arkansas, United States",1.96340919232485
2024-01-01 00:30:00,thesunmagazine.org,Costa Rica,-1.23456790123457
2024-01-01 00:30:00,thesunmagazine.org,"Franz Josef Land, Arkhangel'skaya Oblast', Russia",-0.709527946713003
2024-01-01 00:30:00,kelownacapnews.com,Israel,-5.71234274056443
2024-01-01 00:30:00,thestar.com.my,Indonesia,2.03349282296651
2024-01-01 00:30:00,borneobulletin.com.bn,Spain,1.85185185185185
2024-01-01 00:30:00,borneobulletin.com.bn,Costa Rica,-0.943396226415095
2024-01-01 00:30:00,borneobulletin.com.bn,"Texas, United States",1.52380952380952
2024-01-01 00:30:00,borneobulletin.com.bn,"Munshiganj, Dhaka, Bangladesh",-2.53164556962025
2024-01-01 00:30:00,jowhar.com,"Pointe Larue, Pointe Larue, Seychelles",1.13207547169811
2024-01-01 00:30:00,wimbledonguardian.co.uk,British,-0.36563071297989
2024-01-01 00:30:00,ipswichstar.co.uk,United Kingdom,-0.36563071297989
2024-01-01 00:30:00,elwakt.com,United States,-8.60299921073402
2024-01-01 00:30:00,thediplomat.ro,Romanian,2.35294117647059
2024-01-01 00:30:00,agrinews-pubs.com,"Oklahoma, United States",-1.1864406779661
2024-01-01 00:30:00,agrinews-pubs.com,"University Of Illinois, Illinois, United States",5.12820512820513
2024-01-01 00:30:00,prpeak.com,"Ottawa, Ontario, Canada",-1.85185185185185
2024-01-01 00:30:00,delta-optimist.com,Canadians,-1.85185185185185
2024-01-01 00:30:00,shanghaisun.com,Chinese,1.6597510373444
2024-01-01 00:30:00,shanghaisun.com,"Montana, United States",-3.2590051457976
2024-01-01 00:30:00,agrinews-pubs.com,German,-1.66865315852205
2024-01-01 00:30:00,thesunmagazine.org,America,-1.11576011157601
2024-01-01 00:30:00,jowhar.com,Kenya,-4.21393841166937
2024-01-01 00:30:00,borneobulletin.com.bn,Malaysia,-4.28015564202335
2024-01-01 00:30:00,cootamundraherald.com.au,Australian,-0.934579439252336
2024-01-01 00:30:00,dailyliberal.com.au,Aussie,-0.91324200913242
2024-01-01 00:30:00,dailyliberal.com.au,Aussies,-0.91324200913242
2024-01-01 00:30:00,grenfellrecord.com.au,Aussie,-0.91324200913242
2024-01-01 00:30:00,grenfellrecord.com.au,Australian,-0.91324200913242
2024-01-01 00:30:00,merimbulanewsweekly.com.au,"Canberra, Australian Capital Territory, Australia",-0.934579439252336
2024-01-01 00:30:00,merimbulanewsweekly.com.au,Australian,-0.934579439252336
2024-01-01 00:30:00,royston-crow.co.uk,United Kingdom,-0.36563071297989
2024-01-01 00:30:00,hampshirechronicle.co.uk,British,-0.36563071297989
2024-01-01 00:30:00,redditchadvertiser.co.uk,Britons,-0.36563071297989
2024-01-01 00:30:00,eveshamjournal.co.uk,British,-0.36563071297989
2024-01-01 00:15:00,20minutos.es,Spain,2.3598820058997
2024-01-01 00:15:00,24h.com.vn,Russian,-4.62046204620462
2024-01-01 00:15:00,7seizh.info,Singapore,0.124688279301746
2024-01-01 00:15:00,ahram.org.eg,"Cairo, Al Qahirah, Egypt",-12.1739130434783
2024-01-01 00:15:00,ahram.org.eg,"Damietta, Dumyat, Egypt",-0.833333333333334
2024-01-01 00:15:00,alwasat.ly,"Tripoli, Tarabulus, Libya",-4.88599348534202
2024-01-01 00:15:00,alwasat.ly,United States,-7.86219081272085
2024-01-01 00:15:00,armenews.com,Armenian,-0.567536889897843
2024-01-01 00:15:00,baomoi.com,Vietnam,-4.49438202247191
2024-01-01 00:15:00,bladna.nl,Moroccan,-6.58682634730539
2024-01-01 00:15:00,boursorama.com,Swiss,-0.400320256204964
2024-01-01 00:15:00,dakaractu.com,Senegal,0.396039603960396
2024-01-01 00:15:00,dakaractu.com,Senegal,-0.662251655629139
2024-01-01 00:15:00,derbund.ch,German,0.11806375442739
2024-01-01 00:15:00,elnacional.com,American,-1.61779575328615
2024-01-01 00:15:00,fenix951.com.ar,American,-2.15716486902928
2024-01-01 00:15:00,fj-p.com,China,-1.71052631578947
2024-01-01 00:15:00,fla.de,Ukraine,1.9266625233064
2024-01-01 00:15:00,gaz.com.br,"Mariante, Rio Grande Do Sul, Brazil",-3.87673956262425
2024-01-01 00:15:00,gaz.com.br,"Joao Batista, EspíTo Santo, Brazil",5.32319391634981
2024-01-01 00:15:00,gscn.com.cn,China,1.96687370600414
2024-01-01 00:15:00,inews24.com,United States,4.44444444444444
2024-01-01 00:15:00,investing.com,"Washington, Washington, United States",1.59744408945687
2024-01-01 00:15:00,leganerd.com,Japanese,3.73514431239389
2024-01-01 00:15:00,lequotidien.re,"Moscow, Moskva, Russia",-2.44941427050053
2024-01-01 00:15:00,lequotidien.re,France,-0.143884892086331
2024-01-01 00:15:00,lequotidien.re,"Gaza, Israel (General), Israel",-5.25231719876416
2024-01-01 00:15:00,liputan6.com,Japan,-3.26295585412668
2024-01-01 00:15:00,liputan6.com,Iraq,0.248756218905473
2024-01-01 00:15:00,mondialisation.ca,Greek,-5.11679644048943
2024-01-01 00:15:00,news.dahe.cn,South Africa,-8.28025477707006
2024-01-01 00:15:00,novimagazin.rs,"Cetinje, 00, Serbia",-14.7727272727273
2024-01-01 00:15:00,nra.lv,"Moscow, Moskva, Russia",-2.7063599458728
2024-01-01 00:15:00,pikiran-rakyat.com,"Bandung, Jawa Barat, Indonesia",-6.91823899371069
2024-01-01 00:15:00,r7.com,Antarctica,-1.7948717948718
2024-01-01 00:15:00,republika.co.id,"Depok, Jawa Barat, Indonesia",-0.48780487804878
2024-01-01 00:15:00,shimotsuke.co.jp,"Kanamaru, Niigata, Japan",-1.70648464163823
2024-01-01 00:15:00,sjzdaily.com.cn,"Hebei, Jilin, China",6.29722921914358
2024-01-01 00:15:00,sjzdaily.com.cn,"Hebei, Jilin, China",4.26287744227353
2024-01-01 00:15:00,techno-science.net,Dutch,-1.88933873144399
2024-01-01 00:15:00,tekno.tempo.co,"Bandung, Jawa Barat, Indonesia",-6.44329896907217
2024-01-01 00:15:00,uzdaily.uz,"Dubai, Dubayy, United Arab Emirates",4.0
2024-01-01 00:15:00,uzdaily.uz,Uzbekistan,4.95495495495495
2024-01-01 00:15:00,uzdaily.uz,Uzbekistan,-5.30973451327434
2024-01-01 00:15:00,uzdaily.uz,Uzbekistan,-7.92452830188679
2024-01-01 00:15:00,uzdaily.uz,"Surkhandarya, Surxondaryo, Uzbekistan",0.29940119760479
2024-01-01 00:15:00,volksblatt.at,Estonia,0.0
2024-01-01 00:15:00,zazoom.it,Italian,1.29032258064516
2024-01-01 00:15:00,zdnet.co.kr,Han,0.48780487804878
2024-01-01 00:15:00,zdnet.co.kr,"Jeju, Cheju-Do, South Korea",3.44827586206897
2024-01-01 01:00:00,chronicle.co.zw,"Glenara, Mashonaland Central, Zimbabwe",-4.45205479452055
2024-01-01 01:00:00,thereminder.ca,Canadians,-1.85185185185185
2024-01-01 01:00:00,squamishchief.com,Sudan,-1.85185185185185
2024-01-01 01:00:00,indiatimes.com,"Gurgaon, Haryana, India",2.15633423180593
2024-01-01 01:00:00,johansen.se,Australian,1.10732538330494
2024-01-01 01:00:00,indiatimes.com,"New Yorker, United States",-0.224466891133558
2024-01-01 01:00:00,belfasttelegraph.co.uk,"Brussels, Bruxelles-Capitale, Belgium",0.554016620498615
2024-01-01 01:00:00,gazette.com,"Washington, Washington, United States",-0.831600831600832
2024-01-01 01:00:00,go.com,American,-0.835073068893529
2024-01-01 01:00:00,whec.com,American,-0.798403193612775
2024-01-01 01:00:00,huffpost.com,"Texas, United States",0.498753117206983
2024-01-01 01:00:00,ctinsider.com,United States,-0.50251256281407
2024-01-01 01:00:00,kkyr.com,America,-1.62037037037037
2024-01-01 01:00:00,kentonline.co.uk,"Folkestone, Kent, United Kingdom",1.74013921113689
2024-01-01 01:00:00,cloverdalereporter.com,"Revelstoke, British Columbia, Canada",-5.71234274056443
2024-01-01 01:00:00,menafn.com,American,-0.306122448979592
2024-01-01 01:00:00,dailyliberal.com.au,Japan,3.03030303030303
2024-01-01 01:00:00,kdat.com,"Iowa, United States",-0.212765957446808
2024-01-01 01:00:00,foreignaffairs.co.nz,American,-0.108459869848156
2024-01-01 01:00:00,greatyarmouthmercury.co.uk,British,-0.36563071297989
2024-01-01 01:00:00,andoveradvertiser.co.uk,Britons,-0.36563071297989
2024-01-01 01:00:00,wiltsglosstandard.co.uk,British,-0.36563071297989
2024-01-01 01:00:00,southwalesargus.co.uk,Britons,-0.36563071297989
2024-01-01 01:00:00,bromsgroveadvertiser.co.uk,British,-0.36563071297989
2024-01-01 01:00:00,wandsworthguardian.co.uk,United Kingdom,-0.36563071297989
2024-01-01 01:00:00,lancashiretelegraph.co.uk,British,-0.36563071297989
2024-01-01 01:00:00,hertsad.co.uk,United Kingdom,-0.36563071297989
2024-01-01 01:00:00,nwemail.co.uk,United Kingdom,-0.36563071297989
2024-01-01 01:00:00,mongabay.com,"Tra Vinh, TràInh, Vietnam, Republic Of",-1.4593467685893
2024-01-01 01:00:00,dailymail.co.uk,"Bryce Canyon, Utah, United States",2.14882610425786
2024-01-01 01:00:00,menafn.com,Qatar,2.64279624893436
2024-01-01 01:00:00,leinsterexpress.ie,"Brussels, Bruxelles-Capitale, Belgium",0.932090545938748
2024-01-01 01:00:00,chathamthisweek.com,"Delhi, Delhi, India",0.0
2024-01-01 01:00:00,indiatimes.com,Bhutan,3.07692307692308
2024-01-01 01:00:00,dailyliberal.com.au,"Mill Park, Victoria, Australia",-2.34741784037559
2024-01-01 01:00:00,thespec.com,Canadian,-3.48258706467662
2024-01-01 01:00:00,newsday.co.zw,Russia,-4.30879712746858
2024-01-01 01:00:00,wbir.com,Ukraine,1.93370165745856
2024-01-01 01:00:00,nbcmiami.com,Denmark,2.11480362537764
2024-01-01 01:00:00,areanews.com.au,Aussies,-0.934579439252336
2024-01-01 01:00:00,dailyadvertiser.com.au,Aussies,-0.934579439252336
2024-01-01 01:00:00,areanews.com.au,Australian,-0.934579439252336
2024-01-01 01:00:00,hardenexpress.com.au,Aussies,-0.934579439252336
2024-01-01 01:00:00,dailyadvertiser.com.au,Australian,-0.934579439252336
2024-01-01 01:00:00,hardenexpress.com.au,Australian,-0.934579439252336
2024-01-01 01:00:00,blayneychronicle.com.au,Aussie,-0.91324200913242
2024-01-01 01:00:00,blayneychronicle.com.au,Aussie,-0.91324200913242
2024-01-01 01:00:00,cedarnews.net,United States,-7.79220779220779
2024-01-01 01:00:00,op-marburg.de,"Brussels, Bruxelles-Capitale, Belgium",-1.8978102189781
2024-01-01 01:00:00,euronews.com,French,1.58730158730159
2024-01-01 01:00:00,acadienouvelle.com,"Montreal, Quebec, Canada",-0.892857142857143
2024-01-01 01:00:00,pikiran-rakyat.com,Indonesia,-8.125
2024-01-01 01:00:00,pikiran-rakyat.com,"Cileunyi, Jawa Barat, Indonesia",-7.25075528700906
2024-01-01 01:00:00,republika.co.id,"Tegalsari, Jawa Tengah, Indonesia",-7.52688172043011
2024-01-01 01:00:00,mongabay.co.id,"Makassar, (Id20), Indonesia",-3.36917562724014
2024-01-01 01:00:00,reuters.com,"Texas, United States",0.405405405405405
2024-01-01 01:00:00,chibanippo.co.jp,"Tokyo Bay, Japan (General), Japan",3.15186246418338
2024-01-01 01:00:00,hankyung.com,Japan,-1.7921146953405
2024-01-01 01:00:00,hankyung.com,United Kingdom,0.808625336927224
2024-01-01 01:00:00,tarunbharat.com,Italy,8.33333333333333
2024-01-01 01:00:00,correiobraziliense.com.br,Ukraine,1.35869565217391
2024-01-01 01:00:00,boainformacao.com.br,Brazil,3.37837837837838
2024-01-01 01:00:00,info.sibnet.ru,Russia,-5.98591549295775
2024-01-01 01:00:00,interfax.az,Azerbaijan,2.68817204301075
2024-01-01 01:00:00,europasur.es,"Madrid, Madrid, Spain",0.210304942166141
2024-01-01 01:00:00,pulzo.com,"Washington, Washington, United States",1.92837465564738
2024-01-01 01:00:00,pulzo.com,"Cartagena, BolíR, Colombia",-4.81927710843373
2024-01-01 01:00:00,larazon.es,Spain,0.161030595813204
2024-01-01 01:00:00,huffingtonpost.es,Spain,1.27118644067797
2024-01-01 01:00:00,calibre800.com,"Juarez, MéCo, Mexico",-5.0
2024-01-01 01:00:00,diariosur.es,Spain,-0.831600831600832
2024-01-01 01:00:00,elpais.cr,Ecuador,-0.896860986547085
2024-01-01 01:00:00,eltiempo.com,Italy,-6.06060606060606
2024-01-01 01:00:00,larioja.com,Spain,-0.831600831600832
2024-01-01 01:00:00,trthaber.com,"Hakkari, Hakkâ, Turkey",-6.77966101694915
2024-01-01 01:00:00,volynnews.com,"Volyn, Ukraine (General), Ukraine",-3.57142857142857
2024-01-01 01:00:00,volynnews.com,France,1.44092219020173
2024-01-01 01:00:00,baomoi.com,"Hanoi, Ha N?I, Vietnam, Republic Of",-2.74390243902439
2024-01-01 01:00:00,giaoduc.net.vn,Vietnam,-0.206932229694775
2024-01-01 01:00:00,huanbohainews.com.cn,"Jingdong, Guangdong, China",3.23101777059774
2024-01-01 01:00:00,people.com.cn,"Shanghai, Shanghai, China",4.82925146602277
2024-01-01 01:00:00,sina.com.hk,China,0.13956734124215
2024-01-01 01:00:00,storm.mg,China,0.936329588014982
2024-01-01 01:00:00,storm.mg,"Long Chang, Taidong Xian, Taiwan",-2.7536231884058
2024-01-01 01:00:00,storm.mg,"Gongliao, Hsin-Pei Shih, Taiwan",1.31926121372032
2024-01-01 01:00:00,storm.mg,"Beijing, Beijing, China",0.328947368421053
2024-01-01 01:15:00,xinhuanet.com,Zambia,3.53982300884956
2024-01-01 01:15:00,hljnews.cn,"Shuangyashan, Heilongjiang, China",-0.728597449908925
2024-01-01 01:15:00,hljnews.cn,Singapore,-2.00148257968866
2024-01-01 01:15:00,hljnews.cn,"Huiling, Anhui, China",5.04009163802978
2024-01-01 01:15:00,wenxuecity.com,Taiwan,-6.70773442847365
2024-01-01 01:15:00,qq.com,Taiwan,-0.500625782227784
2024-01-01 01:15:00,piter.tv,"Lomonosov, Sankt-Peterburg, Russia",-4.00381315538608
2024-01-01 01:15:00,cnnindonesia.com,"Lampung, Kalimantan Tengah, Indonesia",-1.63170163170163
2024-01-01 01:15:00,cnnindonesia.com,"Jakarta, Jakarta Raya, Indonesia",-4.39189189189189
2024-01-01 01:15:00,pikiran-rakyat.com,"Cileunyi, Jawa Barat, Indonesia",-7.42049469964664
2024-01-01 01:15:00,beritajatim.com,"Karangjati, Jawa Tengah, Indonesia",-4.23076923076923
2024-01-01 01:15:00,ntv.com.tr,"Aksaray, Aksaray, Turkey",-8.58208955223881
2024-01-01 01:15:00,cope.es,Ukraine,-0.438116100766704
2024-01-01 01:15:00,elaph.com,Iraqis,-5.80708661417323
2024-01-01 01:15:00,emtempo.com.br,Brazil,0.238663484486874
2024-01-01 01:15:00,fnnews.com,"Seoul, Soul-T'ukpyolsi, South Korea",-0.54719562243502
2024-01-01 01:15:00,kmib.co.kr,"Incheon, Inch'on-Gwangyoksi, South Korea",-0.419287211740041
2024-01-01 01:15:00,kmib.co.kr,"Daejeon, Taejon-Gwangyoksi, South Korea",-11.8834080717489
2024-01-01 01:15:00,kmib.co.kr,"Namdong, Cholla-Namdo, South Korea",-3.86266094420601
2024-01-01 01:15:00,beritasatu.com,"Undaan, Jawa Timur, Indonesia",3.96341463414634
2024-01-01 01:15:00,laodong.vn,United States,3.83211678832117
2024-01-01 01:15:00,laodong.vn,India,2.01005025125628
2024-01-01 01:15:00,laodong.vn,Vietnam,-3.37837837837838
2024-01-01 01:15:00,sindonews.com,"California, United States",0.3584229390681
2024-01-01 01:15:00,heraldcorp.com,"Yongsan, Cholla-Namdo, South Korea",-1.78571428571429
2024-01-01 01:15:00,heraldcorp.com,"Pohang, Kyongsang-Bukto, South Korea",2.28013029315961
2024-01-01 01:15:00,saidaonline.com,Israeli,-6.44677661169415
2024-01-01 01:15:00,viva.co.id,"Panjul, Yogyakarta, Indonesia",-7.92079207920792
2024-01-01 01:15:00,ilciriaco.it,"Pennsylvania, United States",-3.57852882703777
2024-01-01 01:15:00,landeszeitung.de,Brazil,-1.8978102189781
2024-01-01 01:15:00,lospiffero.com,Italy,-2.63543191800879
2024-01-01 01:15:00,maz-online.de,Germany,-1.8978102189781
2024-01-01 01:15:00,laliberte.ch,Swiss,0.581395348837209
2024-01-01 01:15:00,beritasatu.com,"Jakarta, Jakarta Raya, Indonesia",-6.2780269058296
2024-01-01 01:15:00,laodong.vn,Vietnam,2.97872340425532
2024-01-01 01:15:00,granbyexpress.com,"Montreal, Quebec, Canada",-0.894632206759443
2024-01-01 01:15:00,granbyexpress.com,"Quebec, Quebec, Canada",-1.80722891566265
2024-01-01 01:15:00,quadratin.com.mx,"Tocumbo, MichoacáDe Ocampo, Mexico",2.04081632653061
2024-01-01 01:30:00,telegraphindia.com,France,-1.25523012552301
2024-01-01 01:30:00,ganderbeacon.ca,Denmark,2.75027502750275
2024-01-01 01:30:00,wpsdlocal6.com,"Nebraska, United States",-1.34907251264756
2024-01-01 01:30:00,wpsdlocal6.com,Israeli,-1.44927536231884
2024-01-01 01:30:00,tipperarylive.ie,Ireland,0.932090545938748
2024-01-01 01:30:00,itnewsonline.com,"Rhode Island, United States",0.387221684414327
2024-01-01 01:30:00,richmondregister.com,"Texas, United States",-0.831600831600832
2024-01-01 01:30:00,ivpressonline.com,American,-0.831600831600832
2024-01-01 01:30:00,businessinsider.com,Chinese,-3.71819960861057
2024-01-01 01:30:00,standard.net,"Great Salt Lake, Utah, United States",0.61652281134402
2024-01-01 01:30:00,ladysmithchronicle.com,Israel,-5.71234274056443
2024-01-01 01:30:00,standard.net.au,Australia,-2.4390243902439
2024-01-01 01:30:00,farmweekly.com.au,"Manypeaks, Queensland, Australia",0.657174151150055
2024-01-01 01:30:00,farmweekly.com.au,"Chiltern Park, Victoria, Australia",0.996204933586338
2024-01-01 01:30:00,startribune.com,American,-0.833333333333333
2024-01-01 01:30:00,dorsetecho.co.uk,British,-0.36563071297989
2024-01-01 01:30:00,hackneygazette.co.uk,United Kingdom,-0.36563071297989
2024-01-01 01:30:00,thetelegraphandargus.co.uk,United Kingdom,-0.36563071297989
2024-01-01 01:30:00,penarthtimes.co.uk,United Kingdom,-0.36563071297989
2024-01-01 01:30:00,readingchronicle.co.uk,British,-0.36563071297989
2024-01-01 01:30:00,gazette-news.co.uk,United Kingdom,-0.36563071297989
2024-01-01 01:30:00,yorkpress.co.uk,British,-0.36563071297989
2024-01-01 01:30:00,biztoc.com,Mexico,-6.55737704918033
2024-01-01 01:30:00,greatbendpost.com,"Kansas, United States",-3.6563071297989
2024-01-01 01:30:00,financialpost.com,Brazil,1.55642023346303
2024-01-01 01:30:00,bignewsnetwork.com,Israel,2.03252032520325
2024-01-01 01:30:00,wltribune.com,"Williams Lake, British Columbia, Canada",6.62650602409639
2024-01-01 01:30:00,airdriecityview.com,Ukraine,-1.85185185185185
2024-01-01 01:30:00,coastreporter.net,Canadians,-1.85185185185185
2024-01-01 01:30:00,cannabisculture.com,"California, United States",1.81818181818182
2024-01-01 01:30:00,yourdemocracy.net.au,Australian,-1.72413793103448
2024-01-01 01:30:00,farmweekly.com.au,"Brookton, Western Australia, Australia",0.816743236345074
2024-01-01 01:30:00,farmweekly.com.au,Australia,0.816743236345074
2024-01-01 01:30:00,13newsnow.com,"Paris, France (General), France",1.93370165745856
2024-01-01 01:30:00,cbs19.tv,Swedish,1.93370165745856
2024-01-01 01:30:00,metro.us,Denmark,2.00308166409861
2024-01-01 01:30:00,nbcchicago.com,Afghanistan,1.94029850746269
2024-01-01 01:30:00,newcastleherald.com.au,Aussie,-0.934579439252336
2024-01-01 01:30:00,oberonreview.com.au,Aussie,-0.91324200913242
2024-01-01 01:30:00,oberonreview.com.au,Australian,-0.91324200913242
2024-01-01 01:30:00,standard.net.au,Aussie,-0.91324200913242
2024-01-01 01:30:00,tenterfieldstar.com.au,Aussie,-0.934579439252336
2024-01-01 01:30:00,tenterfieldstar.com.au,Aussie,-0.934579439252336
2024-01-01 01:45:00,indiatimes.com,"Delhi, Delhi, India",-1.21065375302663
2024-01-01 01:45:00,aol.co.uk,British,-0.617283950617284
2024-01-01 01:45:00,pakobserver.net,"Karachi, Sindh, Pakistan",-7.82442748091603
2024-01-01 01:45:00,nhregister.com,United States,-0.50251256281407
2024-01-01 01:45:00,pakobserver.net,"Thana, Maharashtra, India",3.53697749196142
2024-01-01 01:45:00,pakobserver.net,"Islamabad, Islamabad, Pakistan",-7.90960451977401
2024-01-01 01:45:00,cp24.com,United States,-0.82815734989648
2024-01-01 01:45:00,bgdailynews.com,"Dallas, Texas, United States",-1.82648401826484
2024-01-01 01:45:00,santamariatimes.com,United States,-0.831600831600832
2024-01-01 01:45:00,sott.net,"Washington, Washington, United States",-4.7065044949762
2024-01-01 01:45:00,yahoo.com,Singapore,-5.14705882352941
2024-01-01 01:45:00,journalstar.com,"North Carolina, United States",1.18143459915612
2024-01-01 01:45:00,menafn.com,Australia,0.116144018583043
2024-01-01 01:45:00,menafn.com,Russian,-1.54639175257732
2024-01-01 01:45:00,eco-business.com,Iran,-1.8361581920904
2024-01-01 01:45:00,energymatters.com.au,Aussie,4.75504322766571
2024-01-01 01:45:00,perthnow.com.au,Australian,-0.113464447806355
2024-01-01 01:45:00,dumbartonreporter.co.uk,British,-0.36563071297989
2024-01-01 01:45:00,thisislocallondon.co.uk,Britons,-0.36563071297989
2024-01-01 01:45:00,wirralglobe.co.uk,British,-0.36563071297989
2024-01-01 01:45:00,cambstimes.co.uk,British,-0.36563071297989
2024-01-01 01:45:00,somersetcountygazette.co.uk,United Kingdom,-0.36563071297989
2024-01-01 01:45:00,westernadvocate.com.au,China,3.03030303030303
2024-01-01 01:45:00,cnet.com,Japan,0.0
2024-01-01 01:45:00,menafn.com,Egypt,0.530503978779841
2024-01-01 01:45:00,panow.com,"Ottawa, Ontario, Canada",-5.69105691056911
2024-01-01 01:45:00,elwakt.com,Macau,-1.5625
2024-01-01 01:45:00,kens5.com,Ukraine,1.93370165745856
2024-01-01 01:45:00,wfaa.com,"Copenhagen, KøAvn*, Denmark",1.93370165745856
2024-01-01 01:45:00,10news.com,"Cambridge, Cambridgeshire, United Kingdom",2.01550387596899
2024-01-01 01:45:00,cowraguardian.com.au,Australian,-0.91324200913242
2024-01-01 01:45:00,cowraguardian.com.au,Australian,-0.91324200913242
2024-01-01 01:45:00,crookwellgazette.com.au,Aussies,-0.934579439252336
2024-01-01 01:45:00,crookwellgazette.com.au,Australian,-0.934579439252336
2024-01-01 01:45:00,westernadvocate.com.au,Aussies,-0.91324200913242
2024-01-01 01:45:00,countypress.co.uk,British,-0.36563071297989
2024-01-01 01:45:00,theboltonnews.co.uk,British,-0.36563071297989
2024-01-01 01:45:00,basingstokegazette.co.uk,United Kingdom,-0.36563071297989
2024-01-01 01:45:00,thewestonmercury.co.uk,United Kingdom,-0.36563071297989
2024-01-01 01:45:00,cravenherald.co.uk,United Kingdom,-0.36563071297989
2024-01-01 01:45:00,tivysideadvertiser.co.uk,United Kingdom,-0.36563071297989
2024-01-01 01:15:00,insiderzim.com,"Njelele, Zimbabwe (General), Zimbabwe",-3.88548057259714
2024-01-01 01:15:00,thenews.com.pk,"Rawal Dam, Punjab, Pakistan",-6.62251655629139
2024-01-01 01:15:00,thenews.com.pk,"Ayub Khan, North-West Frontier, Pakistan",3.69565217391304
2024-01-01 01:15:00,theaustralian.com.au,Papua New Guinea,-5.20722635494155
2024-01-01 01:15:00,punchng.com,Nigerians,0.753768844221105
2024-01-01 01:15:00,kilkennypeople.ie,"Brussels, Bruxelles-Capitale, Belgium",0.932090545938748
2024-01-01 01:15:00,leinsterleader.ie,Ukraine,0.932090545938748
2024-01-01 01:15:00,longfordleader.ie,"Brussels, Bruxelles-Capitale, Belgium",0.932090545938748
2024-01-01 01:15:00,scienceblog.com,"Michigan, United States",-1.69823644676682
2024-01-01 01:15:00,morningsun.net,Gibraltar,-4.8348106365834
2024-01-01 01:15:00,goodmenproject.com,"Alabama, United States",-0.43997485857951
2024-01-01 01:15:00,idahostatejournal.com,"Dallas, Texas, United States",-0.831600831600832
2024-01-01 01:15:00,toronto.citynews.ca,American,-0.826446280991736
2024-01-01 01:15:00,infotel.ca,United States,0.0
2024-01-01 01:15:00,wfmynews2.com,Danish,1.93370165745856
2024-01-01 01:15:00,zerohedge.com,"Orange County, California, United States",-1.12474437627812
2024-01-01 01:15:00,goodmenproject.com,"California, United States",2.15736040609137
2024-01-01 01:15:00,deadline.com,United States,1.65441176470588
2024-01-01 01:15:00,eastcountymagazine.org,"Lakeside, California, United States",3.60065466448445
2024-01-01 01:15:00,scoop.co.nz,Israel,-2.28174603174603
2024-01-01 01:15:00,scoop.co.nz,"Gaza, Israel (General), Israel",-0.262008733624454
2024-01-01 01:15:00,infotel.ca,"Okanagan, British Columbia, Canada",-0.435019032082654
2024-01-01 01:15:00,menafn.com,Canada,0.699844479004666
2024-01-01 01:15:00,menafn.com,"Sharjah, Ash Shariqah, United Arab Emirates",4.48430493273543
2024-01-01 01:15:00,inquirer.net,Sweden,1.22222222222222
2024-01-01 01:15:00,foxnews.com,"Geneva, Genè, Switzerland",-3.72881355932203
2024-01-01 01:15:00,northislandgazette.com,"Ucluelet, British Columbia, Canada",-5.71234274056443
2024-01-01 01:15:00,baltic-course.com,Lithuania,-1.02432778489117
2024-01-01 01:15:00,baltic-course.com,Norwegian,0.930232558139535
2024-01-01 01:15:00,baltic-course.com,Lithuania,-2.40334378265413
2024-01-01 01:15:00,baltic-course.com,"Viljandi, Viljandimaa, Estonia",0.395778364116095
2024-01-01 01:15:00,baltic-course.com,Switzerland,2.40480961923848
2024-01-01 01:15:00,canowindranews.com.au,Australian,-0.91324200913242
2024-01-01 01:15:00,canowindranews.com.au,"Canberra, Australian Capital Territory, Australia",-0.91324200913242
2024-01-01 01:15:00,chroniclelive.co.uk,"Greater Manchester, United Kingdom (General), United Kingdom",0.3125
2024-01-01 01:15:00,mynorthwest.com,"Dallas, Texas, United States",-1.8140589569161
2024-01-01 01:15:00,etfdailynews.com,"Tsagaan Ovoo, Dundgovi, Mongolia",3.69127516778524
2024-01-01 01:15:00,nbcconnecticut.com,Swedish,2.12121212121212
2024-01-01 01:15:00,portstephensexaminer.com.au,"Jervis Bay, Australian Capital Territory, Australia",2.97723292469352
2024-01-01 01:15:00,cessnockadvertiser.com.au,"New Plymouth, New Zealand (General), New Zealand",2.97723292469352
2024-01-01 01:15:00,thenationalnews.com,Egyptian,-0.630252100840336
2024-01-01 01:15:00,edenmagnet.com.au,China,3.13199105145414
2024-01-01 01:15:00,cessnockadvertiser.com.au,Australians,3.13199105145414
2024-01-01 01:15:00,busseltonmail.com.au,Australians,3.13199105145414
2024-01-01 01:15:00,busseltonmail.com.au,France,3.13199105145414
2024-01-01 01:15:00,edenmagnet.com.au,Australians,3.13199105145414
2024-01-01 01:15:00,busseltonmail.com.au,"Melbourne, Victoria, Australia",-2.4330900243309
2024-01-01 01:15:00,edenmagnet.com.au,"Melbourne, Victoria, Australia",-2.4330900243309
2024-01-01 01:15:00,infotel.ca,"Toronto, Ontario, Canada",-1.53573538098051
2024-01-01 01:15:00,stthomastimesjournal.com,"Delhi, Delhi, India",0.0
2024-01-01 01:15:00,wallaceburgcourierpress.com,"Port Dover, Ontario, Canada",0.0
2024-01-01 01:15:00,brecorder.com,Pakistanis,-5.0641940085592
2024-01-01 01:15:00,infotel.ca,Russian,-1.93679918450561
2024-01-01 01:15:00,thenews.com.pk,Islamic Republic Of Pakistan,-3.67107195301028
2024-01-01 01:15:00,elwakt.com,United States,-6.46766169154229
2024-01-01 01:15:00,brecorder.com,"Reko Diq, Balochistan, Pakistan",2.23048327137546
2024-01-01 01:15:00,brecorder.com,Israel,-4.6692607003891
2024-01-01 01:15:00,biztoc.com,"Washington, Washington, United States",-3.125
2024-01-01 01:15:00,peeblesshirenews.com,Britons,-0.36563071297989
2024-01-01 01:15:00,harrowtimes.co.uk,Britons,-0.36563071297989
2024-01-01 01:15:00,heraldseries.co.uk,British,-0.36563071297989
2024-01-01 01:15:00,northwalespioneer.co.uk,United Kingdom,-0.36563071297989
2024-01-01 01:15:00,oxfordmail.co.uk,Britons,-0.36563071297989
2024-01-01 01:15:00,thetottenhamindependent.co.uk,United Kingdom,-0.36563071297989
2024-01-01 01:15:00,busseltonmail.com.au,"Canberra, Australian Capital Territory, Australia",-0.934579439252336
2024-01-01 01:15:00,busseltonmail.com.au,"Canberra, Australian Capital Territory, Australia",-0.934579439252336
2024-01-01 01:15:00,cessnockadvertiser.com.au,"Canberra, Australian Capital Territory, Australia",-0.934579439252336
2024-01-01 01:15:00,cessnockadvertiser.com.au,Aussie,-0.934579439252336
2024-01-01 01:15:00,edenmagnet.com.au,Aussies,-0.934579439252336
2024-01-01 01:15:00,edenmagnet.com.au,"Canberra, Australian Capital Territory, Australia",-0.934579439252336
2024-01-01 01:15:00,manningrivertimes.com.au,Aussie,-0.934579439252336
2024-01-01 01:15:00,manningrivertimes.com.au,Aussies,-0.934579439252336
2024-01-01 01:15:00,manningrivertimes.com.au,"Canberra, Australian Capital Territory, Australia",-0.934579439252336
2024-01-01 01:15:00,moreechampion.com.au,Aussies,-0.934579439252336
2024-01-01 01:15:00,moreechampion.com.au,Aussies,-0.934579439252336
2024-01-01 01:15:00,portstephensexaminer.com.au,"Canberra, Australian Capital Territory, Australia",-0.934579439252336
2024-01-01 01:15:00,portstephensexaminer.com.au,"Canberra, Australian Capital Territory, Australia",-0.934579439252336
2024-01-07 04:15:00,aweb.com.cn,"Tianjin, Tianjin, China",4.75319926873857
2024-01-07 04:15:00,cyol.com,"Guizhou, Hubei, China",-8.30223880597015
2024-01-07 04:15:00,chaozhoudaily.com,"Chaozhou, Guangdong, China",2.45535714285714
2024-01-07 04:15:00,ahnews.com.cn,"Anhui, Anhui, China",-0.627057532528609
2024-01-07 04:15:00,wenxuecity.com,China,2.19711236660389
2024-01-07 04:15:00,sina.com.cn,China,-3.96536007292616
2024-01-07 04:15:00,yam.com,United States,3.43642611683849
2024-01-07 04:15:00,kompas.com,"Jakarta, Jakarta Raya, Indonesia",-5.12048192771084
2024-01-07 04:15:00,ekantipur.com,India,0.403225806451613
2024-01-07 04:15:00,ekantipur.com,"Butwal, Nepal (General), Nepal",-3.53223593964335
2024-01-07 04:15:00,ngs.ru,Russia,0.0
2024-01-07 04:15:00,pudhari.news,Bangladesh,0.904977375565612
2024-01-07 04:15:00,pudhari.news,"Dehradun, Uttaranchal, India",0.0
2024-01-07 04:15:00,hani.co.kr,"Ganghwa, Inch'on-Gwangyoksi, South Korea",-4.02684563758389
2024-01-07 04:15:00,hani.co.kr,Korea,-4.76477683956574
2024-01-07 04:15:00,janayugomonline.com,Bharat,-1.33729569093611
2024-01-07 04:15:00,janayugomonline.com,"Washington, Washington, United States",-3.07167235494881
2024-01-07 04:15:00,jomo-news.co.jp,"Annaka, Gumma, Japan",-0.257731958762886
2024-01-07 04:15:00,jomo-news.co.jp,"Shinjuku, Kanagawa, Japan",0.888324873096447
2024-01-07 04:15:00,batampos.co.id,"Maulana, Indonesia (General), Indonesia",-5.26315789473684
2024-01-07 04:15:00,newsinamerica.com,Mexico,-5.95369349503859
2024-01-07 04:15:00,sohu.com,"Xining, Qinghai, China",1.28354725787631
2024-01-07 04:15:00,sohu.com,"Guangdong, Jilin, China",3.24543610547667
2024-01-07 04:15:00,abc.es,Spain,1.92023633677991
2024-01-07 04:15:00,toonippo.co.jp,Japan,1.35135135135135
2024-01-07 04:15:00,aljazeera.net,"Hebron, Israel (General), Israel",-11.4122681883024
2024-01-07 04:15:00,knnews.co.kr,Republic Of Korea,2.69541778975741
2024-01-07 04:15:00,loksatta.com,India,-0.137741046831956
2024-01-07 04:15:00,ahnews.com.cn,"Anhui, Anhui, China",2.69450993600539
2024-01-07 04:15:00,cnfol.com,"Beijing, Beijing, China",3.07203389830509
2024-01-07 04:15:00,cyol.com,China,6.51162790697675
2024-01-07 04:15:00,sohu.com,"Yuxiang, Anhui, China",0.11185682326622
2024-01-07 04:15:00,chaozhoudaily.com,"Chaozhou, Guangdong, China",4.21052631578947
2024-01-07 04:15:00,myrb.net,"Hubei, Guangdong, China",0.400457665903891
2024-01-07 04:15:00,fjsen.com,"Quanzhou, Fujian, China",4.89130434782609
2024-01-07 04:15:00,cyol.com,"Beijing, Beijing, China",-5.23958799820869
2024-01-07 04:15:00,xxcb.cn,China,-5.36912751677852
2024-01-07 04:15:00,ahnews.com.cn,"Fanchang, Guangdong, China",3.34405144694534
2024-01-07 04:15:00,xxcb.cn,"Xiaoxiang, Zhejiang, China",-2.78481012658228
2024-01-07 04:15:00,gxnews.com.cn,Chinese,0.655021834061136
2024-01-07 04:15:00,sohu.com,China,6.34920634920635
2024-01-07 04:15:00,nos.nl,"Alaska, United States",-2.04081632653061
2024-01-07 04:15:00,diariodecolima.com,"California, United States",-0.431034482758621
2024-01-07 04:15:00,baomoi.com,"Hanoi, Ha N?I, Vietnam, Republic Of",-1.98675496688742
2024-01-07 04:15:00,kompas.com,"Yogyakarta, Yogyakarta, Indonesia",-1.89274447949527
2024-01-07 04:15:00,pikiran-rakyat.com,Congo,-2.61437908496732
2024-01-07 04:15:00,antaranews.com,"Beijing, Beijing, China",5.53359683794466
2024-01-07 04:15:00,anninhthudo.vn,"Hanoi, Ha N?I, Vietnam, Republic Of",-0.294117647058823
2024-01-07 04:15:00,anninhthudo.vn,"Hanoi, Ha N?I, Vietnam, Republic Of",-1.89873417721519
2024-01-07 04:15:00,anninhthudo.vn,"Hanoi, Ha N?I, Vietnam, Republic Of",0.0
2024-01-07 04:15:00,baophapluat.vn,Vietnam,1.5370705244123
2024-01-07 04:15:00,baophapluat.vn,"Hanoi, Ha N?I, Vietnam, Republic Of",-8.38870431893688
2024-01-07 04:15:00,baophapluat.vn,"Luong Tai, Vietnam (General), Vietnam, Republic Of",-6.34920634920635
2024-01-07 04:15:00,tinnhanhchungkhoan.vn,Chinese,-3.30578512396694
2024-01-07 04:15:00,tinnhanhchungkhoan.vn,Vietnam,0.854700854700855
2024-01-07 04:15:00,tinnhanhchungkhoan.vn,Vietnam,4.34782608695652
2024-01-07 04:15:00,tinnhanhchungkhoan.vn,"My Thuan, Phú, Vietnam, Republic Of",2.25352112676056
2024-01-07 04:15:00,pagina12.com.ar,Argentina,-0.210084033613446
2024-01-07 04:15:00,inews24.com,Hong Kong,-5.55555555555556
2024-01-07 04:15:00,inews24.com,United States,1.04347826086957
2024-01-07 04:15:00,cnnchile.com,"Region Metropolitana, RegióEtropolitana, Chile",-5.43478260869565
2024-01-07 04:15:00,sina.com.cn,"Shanghai, Shanghai, China",-5.16528925619835
2024-01-07 04:15:00,thaipbs.or.th,"Bangkok, Krung Thep Mahanakhon, Thailand",-0.571428571428571
2024-01-07 04:15:00,newsinamerica.com,"Oregon, United States",1.11524163568773
2024-01-07 04:15:00,newsinamerica.com,Panama,-0.710900473933649
2024-01-07 04:15:00,newsinamerica.com,Spanish,-2.67379679144385
2024-01-07 04:15:00,newsway.co.kr,Vietnam,-0.75046904315197
2024-01-07 04:15:00,newsway.co.kr,Hong Kong,-3.67393800229621
2024-01-07 04:15:00,newsway.co.kr,Korea,-4.40917107583774
2024-01-07 04:15:00,udn.com,"Tianjin, Tianjin, China",2.5
2024-01-07 04:15:00,dakaractu.com,"Tanaff, Region De Sedhiou, Senegal",0.0
2024-01-07 04:15:00,elimparcial.com,Mexico,-2.39043824701195
2024-01-07 04:15:00,laregion.es,Japan,-1.6260162601626
2024-01-07 04:15:00,loksatta.com,"Nagpur, Maharashtra, India",8.0188679245283
2024-01-07 04:15:00,telesurtv.net,"California, United States",-2.32558139534884
2024-01-07 04:45:00,hartfordcitynewstimes.com,"New York, United States",-0.511945392491468
2024-01-07 04:45:00,bozemandailychronicle.com,"Paris, France (General), France",-2.38278247501922
2024-01-07 04:45:00,wsvn.com,Americans,-1.83246073298429
2024-01-07 04:45:00,13wham.com,"Lima, Lima, Peru",0.289855072463768
2024-01-07 04:45:00,kval.com,"California, United States",1.12676056338028
2024-01-07 04:45:00,avenuemail.in,"Sindri, West Bengal, India",1.42857142857143
2024-01-07 04:45:00,livemint.com,Turkish,-2.11640211640212
2024-01-07 04:45:00,azfamily.com,"Newark, New Jersey, United States",-3.86965376782077
2024-01-07 04:45:00,klove.com,"Alaska, United States",-2.30010952902519
2024-01-07 04:45:00,catcountry1029.com,"Montana, United States",-2.62096774193548
2024-01-07 04:45:00,bbc.com,American,0.596421471172962
2024-01-07 04:45:00,cnn.com,"Oregon, United States",-3.81125226860254
2024-01-07 04:45:00,financialexpress.com,"Alaska, United States",-0.946969696969697
2024-01-07 04:45:00,financialexpress.com,"Nalagarh, Himachal Pradesh, India",-2.9673590504451
2024-01-07 04:45:00,trak.in,"Alaska, United States",-1.4218009478673
2024-01-07 04:45:00,themalaysianinsight.com,Malaysia,-1.58730158730159
2024-01-07 04:45:00,scmp.com,"Tsuen Wan, Hong Kong (General), Hong Kong",0.720906282183316
2024-01-07 04:45:00,venturesafrica.com,Republic Of Uganda,3.75586854460094
2024-01-07 04:45:00,bbc.com,Togo,-0.37821482602118
2024-01-07 04:45:00,heart.co.uk,"Alaska, United States",-3.58974358974359
2024-01-07 04:45:00,singletonargus.com.au,"Portland, Oregon, United States",-4.47093889716841
2024-01-07 04:45:00,bordermail.com.au,"California, United States",-4.47093889716841
2024-01-07 04:45:00,thestar.com.my,"Phu Quoc, Ki?N Giang, Vietnam, Republic Of",-0.909090909090909
2024-01-07 04:45:00,businessinsider.com,Armenia,2.57966616084977
2024-01-07 04:45:00,terracestandard.com,"Vancouver, British Columbia, Canada",1.8705035971223
2024-01-07 04:45:00,yahoo.com,Chinese,-2.22222222222222
2024-01-07 04:45:00,aero-news.net,Kenya,4.3613707165109
2024-01-07 04:45:00,financialexpress.com,India,4.70588235294118
2024-01-07 04:45:00,lowellsun.com,American,2.3489932885906
2024-01-07 04:45:00,kval.com,"Alaska, United States",-2.34375
2024-01-07 04:45:00,kval.com,"Alaska, United States",0.285714285714286
2024-01-07 04:45:00,financialexpress.com,"Alaska, United States",-2.47933884297521
2024-01-07 04:45:00,abc-7.com,"California, United States",-6.19469026548673
2024-01-07 04:45:00,mynbc5.com,"Californians, United States",-6.19469026548673
2024-01-07 04:45:00,wcvb.com,"California, United States",-6.19469026548673
2024-01-07 04:45:00,mercurynews.com,"California, United States",-6.22222222222222
2024-01-07 04:45:00,gazette.com,"California, United States",-6.22222222222222
2024-01-07 04:45:00,bozemandailychronicle.com,"Californians, United States",-5.64516129032258
2024-01-07 04:45:00,greensburgdailynews.com,"Californians, United States",-6.22222222222222
2024-01-07 04:45:00,click2houston.com,"California, United States",-6.25
2024-01-07 04:45:00,kiro7.com,"California, United States",-5.69105691056911
2024-01-07 04:45:00,pedestrian.tv,"New York, United States",-1.19402985074627
2024-01-07 04:45:00,avenuemail.in,"Ranchi, Jharkhand, India",0.378787878787878
2024-01-07 04:30:00,akp.gov.kh,Cambodian,1.08108108108108
2024-01-07 04:30:00,chinanews.com.cn,Chinese,6.12939841089671
2024-01-07 04:30:00,hankookilbo.com,United States,-3.65111561866126
2024-01-07 04:30:00,hankookilbo.com,United States,-3.65111561866126
2024-01-07 04:30:00,hbl.fi,"Markku, Kainuu Region, Finland",0.0609384521633149
2024-01-07 04:30:00,huxiu.com,China,2.9039070749736
2024-01-07 04:30:00,ifeng.com,"Phoenix, Arizona, United States",1.94552529182879
2024-01-07 04:30:00,indiatimes.com,"Sriharikota, Andhra Pradesh, India",-0.355871886120997
2024-01-07 04:30:00,jawapos.com,"Angke, Jakarta Raya, Indonesia",-3.47490347490348
2024-01-07 04:30:00,jawapos.com,"Tambora, Jakarta Raya, Indonesia",-2.69058295964126
2024-01-07 04:30:00,lacapitalmdp.com,"Mar Del Plata, Buenos Aires, Argentina",3.21931589537223
2024-01-07 04:30:00,letelegramme.fr,"La Defense, France (General), France",-0.543478260869565
2024-01-07 04:30:00,news.hnr.cn,China,2.80701754385965
2024-01-07 04:30:00,news.hnr.cn,China,-4.13223140495868
2024-01-07 04:30:00,news.hsw.cn,Chinese,-6.84647302904564
2024-01-07 04:30:00,revistapuntodevista.com.mx,"Recursos Hidraulicos, Baja California, Mexico",4.7244094488189
2024-01-07 04:30:00,rionegro.com.ar,Uruguay,0.717299578059071
2024-01-07 04:30:00,rtl.be,Palestine,-4.8780487804878
2024-01-07 04:30:00,rtl.be,Israel,-4.8780487804878
2024-01-07 04:30:00,rtl.be,Israel,-4.73568281938326
2024-01-07 04:30:00,sohu.com,"Guangdong, Jilin, China",3.24543610547667
2024-01-07 04:30:00,sohu.com,"Xining, Qinghai, China",1.28354725787631
2024-01-07 04:30:00,yam.com,"Taipei, T'ai-Pei, Taiwan",3.37552742616034
2024-01-07 04:30:00,yangtse.com,"Beijing, Beijing, China",3.13609467455621
2024-01-07 04:30:00,163.com,China,0.225098480585256
2024-01-07 04:30:00,chron.com,Egyptian,-2.61437908496732
2024-01-07 04:30:00,dailyinqilab.com,"Patuakhali, Khulna, Bangladesh",-1.50375939849624
2024-01-07 04:30:00,edaily.co.kr,Japan,-3.76647834274953
2024-01-07 04:30:00,elimparcial.com,Mexico,3.34190231362468
2024-01-07 04:30:00,etnews.com,"Jeonnam, Cholla-Namdo, South Korea",4.04984423676012
2024-01-07 04:30:00,etnews.com,"Lima, Lima, Peru",-2.74914089347079
2024-01-07 04:30:00,hangzhou.com.cn,"Hangzhou, Zhejiang, China",0.462962962962964
2024-01-07 04:30:00,hangzhou.com.cn,"Hangzhou, Zhejiang, China",9.19220055710306
2024-01-07 04:30:00,hankookilbo.com,"Seoul, Soul-T'ukpyolsi, South Korea",-7.87801778907243
2024-01-07 04:30:00,hbl.fi,Finland,-0.551724137931034
2024-01-07 04:30:00,heraldcorp.com,"Seoul, Soul-T'ukpyolsi, South Korea",3.2520325203252
2024-01-07 04:30:00,heraldcorp.com,"Seoul, Soul-T'ukpyolsi, South Korea",-5.21172638436482
2024-01-07 04:30:00,ifeng.com,"Tianjin, Tianjin, China",-5.6047197640118
2024-01-07 04:30:00,ifeng.com,"Tianjin, Tianjin, China",1.01066816395284
2024-01-07 04:30:00,indiatimes.com,Czech,-0.342465753424658
2024-01-07 04:30:00,ixbt.com,United Kingdom,1.36363636363636
2024-01-07 04:30:00,ixbt.com,"Moscow, Moskva, Russia",-0.15576323987539
2024-01-07 04:30:00,jawapos.com,"Jakarta, Jakarta Raya, Indonesia",-3.2967032967033
2024-01-07 04:30:00,lavoz.com.ar,Israeli,0.0
2024-01-07 04:30:00,opinion.com.bo,Bolivia,1.96629213483146
2024-01-07 04:30:00,petrovietnam.petrotimes.vn,Vietnam,0.761421319796955
2024-01-07 04:30:00,pikiran-rakyat.com,"Depok, Jawa Barat, Indonesia",5.0
2024-01-07 04:30:00,pikiran-rakyat.com,"Bandung, Jawa Barat, Indonesia",-16.1676646706587
2024-01-07 04:30:00,pikiran-rakyat.com,Indonesia,1.66666666666667
2024-01-07 04:30:00,pikiran-rakyat.com,Indonesia,-1.28205128205128
2024-01-07 04:30:00,prachachat.net,Thailand,-2.79524807826695
2024-01-07 04:30:00,rfi.fr,"Brazzaville, Brazzaville, Congo",-0.819672131147541
2024-01-07 04:30:00,sabah.com.tr,"Istanbul, Istanbul, Turkey",-6.74846625766871
2024-01-07 04:30:00,sohu.com,China,6.34920634920635
2024-01-07 04:30:00,sohu.com,China,0.11185682326622
2024-01-07 04:30:00,tele.at,Spain,-9.33333333333333
2024-01-07 04:30:00,yangtse.com,"Yangtze River, China (General), China",0.342270393610952
2024-01-07 04:30:00,yangtse.com,China,6.49038461538461
2024-01-07 04:30:00,yna.co.kr,Hong Kong,-3.92927308447937
2024-01-07 04:30:00,zazoom.it,"Perugia, Umbria, Italy",0.0
2024-01-07 04:30:00,zdnet.co.kr,France,3.55029585798817
2024-01-07 04:30:00,zdnet.co.kr,United Kingdom,5.65217391304348
2024-01-07 05:00:00,telegraphindia.com,"Ranaghat, West Bengal, India",0.931677018633541
2024-01-07 05:00:00,carrollspaper.com,"California, United States",-0.511945392491468
2024-01-07 05:00:00,athensreview.com,"California, United States",-6.20581304006284
2024-01-07 05:00:00,thestandard.co.zw,"Nkayi, Matabeleland North, Zimbabwe",0.202020202020202
2024-01-07 05:00:00,ajot.com,"Alaska, United States",-1.96078431372549
2024-01-07 05:00:00,kcby.com,"Alaska, United States",1.12676056338028
2024-01-07 05:00:00,kcby.com,"Alaska, United States",-2.34375
2024-01-07 05:00:00,kcby.com,"Alaska, United States",0.285714285714286
2024-01-07 05:00:00,athensreview.com,"Athens, AttikíR, Greece",1.47420147420147
2024-01-07 05:00:00,lusakatimes.com,Zambia,-4.05405405405405
2024-01-07 05:00:00,icenews.is,Luxembourg,-3.65033621517771
2024-01-07 05:00:00,santamariatimes.com,"Californians, United States",-6.22222222222222
2024-01-07 05:00:00,wokv.com,"Californians, United States",-5.69105691056911
2024-01-07 05:00:00,wfmj.com,"California, United States",-5.71428571428571
2024-01-07 05:00:00,walesonline.co.uk,French,4.94633691087261
2024-01-07 05:00:00,cleantechnica.com,Russia,-1.1134307585247
2024-01-07 05:00:00,collider.com,"Hollywood, California, United States",-1.19555935098207
2024-01-07 05:00:00,couriermail.com.au,Antarctica,-3.04506699147381
2024-01-07 05:00:00,streetinsider.com,Armenia,2.74809160305344
2024-01-07 05:00:00,queenslandcountrylife.com.au,"Dalma Scrub, Queensland, Australia",0.102986611740474
2024-01-07 05:00:00,straitstimes.com,Ghana,3.11890838206628
2024-01-07 05:00:00,arabnews.com,"Oregon, United States",-2.31023102310231
2024-01-07 05:00:00,westerlynews.ca,"Ucluelet, British Columbia, Canada",1.8705035971223
2024-01-07 05:00:00,afr.com,Australian,2.19092331768388
2024-01-07 05:00:00,radio.gov.pk,"Karachi, Sindh, Pakistan",-0.571428571428571
2024-01-07 05:00:00,yakimaherald.com,"California, United States",-6.22222222222222
2024-01-07 05:00:00,lancasteronline.com,"Californians, United States",-6.11353711790393
2024-01-07 05:00:00,sandiegouniontribune.com,"Californians, United States",-6.19469026548673
2024-01-07 05:00:00,wltribune.com,"Vancouver, British Columbia, Canada",1.8705035971223
2024-01-07 05:00:00,saobserver.net,"Ucluelet, British Columbia, Canada",1.8705035971223
2024-01-07 05:00:00,newstimes.com,"California, United States",-6.57894736842105
2024-01-07 05:00:00,middletownpress.com,"Californians, United States",-6.57894736842105
2024-01-07 04:45:00,bisnis.tempo.co,"Jakarta, Jakarta Raya, Indonesia",2.38095238095238
2024-01-07 04:45:00,bisnis.tempo.co,"Rendeng, Jawa Timur, Indonesia",-0.48780487804878
2024-01-07 04:45:00,cau.edu.cn,"Yu King, Guizhou, China",2.19058050383352
2024-01-07 04:45:00,cnn.com,"California, United States",-3.3596837944664
2024-01-07 04:45:00,cnwest.com,"Beijing, Beijing, China",-5.32407407407407
2024-01-07 04:45:00,dayoo.com,"Yangtze River, China (General), China",0.341491178144565
2024-01-07 04:45:00,dayoo.com,"Guangzhou, Guangdong, China",-5.36193029490617
2024-01-07 04:45:00,dayoo.com,"Guangzhou, Guangdong, China",6.39810426540284
2024-01-07 04:45:00,dayoo.com,"Guangzhou, Guangdong, China",-1.93181818181818
2024-01-07 04:45:00,diariopopular.com.br,Brazil,1.15681233933162
2024-01-07 04:45:00,eldiario.ec,American,-6.36942675159236
2024-01-07 04:45:00,eldictamen.mx,"Ursulo Galvan, Tamaulipas, Mexico",-2.62008733624454
2024-01-07 04:45:00,eldictamen.mx,Mexico,0.225225225225225
2024-01-07 04:45:00,eldictamen.mx,Suede,-0.851063829787233
2024-01-07 04:45:00,elmercurio.com.mx,Canada,-0.611620795107034
2024-01-07 04:45:00,f5haber.com,"Istanbul, Istanbul, Turkey",2.4390243902439
2024-01-07 04:45:00,fr.vietnamplus.vn,Republic Of Korea,2.0532319391635
2024-01-07 04:45:00,granbyexpress.com,"California, United States",-3.98277717976319
2024-01-07 04:45:00,guadeloupe.franceantilles.fr,France,-4.27947598253275
2024-01-07 04:45:00,hna.de,"Landkreis Gottingen, Niedersachsen, Germany",-4.86111111111111
2024-01-07 04:45:00,ifeng.com,China,0.857300884955753
2024-01-07 04:45:00,ifeng.com,"Baoying, Zhejiang, China",4.8932384341637
2024-01-07 04:45:00,ilgazzettino.it,Italy,-1.21359223300971
2024-01-07 04:45:00,irozhlas.cz,Czech,-3.42298288508557
2024-01-07 04:45:00,iz.ru,Russians,2.34113712374582
2024-01-07 04:45:00,krjogja.com,"Mataram, Nusa Tenggara Barat, Indonesia",2.7972027972028
2024-01-07 04:45:00,lavozdeasturias.es,Guinea,-0.938133874239351
2024-01-07 04:45:00,lavozdegalicia.es,Spanish,-1.39186295503212
2024-01-07 04:45:00,lavozdegalicia.es,Chile,-1.875
2024-01-07 04:45:00,lavozdegalicia.es,Spanish,-0.333704115684093
2024-01-07 04:45:00,lemonde.fr,"California, United States",2.98507462686567
2024-01-07 04:45:00,lequotidien.lu,Belgium,1.84757505773672
2024-01-07 04:45:00,malatyaguncel.com,"Malatya, Malatya, Turkey",-10.0
2024-01-07 04:45:00,nbd.com.cn,Yemen,-2.62021307227181
2024-01-07 04:45:00,news.cn,"Ussuri River, China (General), China",3.81720430107527
2024-01-07 04:45:00,news.cn,"Chongqing, Chongqing, China",-0.642431839548731
2024-01-07 04:45:00,news.cn,China,4.04858299595142
2024-01-07 04:45:00,news.cn,"Chongqing, Chongqing, China",6.29874025194961
2024-01-07 04:45:00,news18.com,"Uttar Pradesh, Uttar Pradesh, India",0.93167701863354
2024-01-07 04:45:00,northnews.cn,"Shenzhou, Hebei, China",4.54086781029263
2024-01-07 04:45:00,northnews.cn,"Xiaoyan, Shaanxi, China",3.75
2024-01-07 04:45:00,northnews.cn,China,6.16113744075829
2024-01-07 04:45:00,northnews.cn,"Hebei, Jilin, China",0.284252416145537
2024-01-07 04:45:00,pravda.com.ua,"Leningrad, Sankt-Peterburg, Russia",-2.51781472684085
2024-01-07 04:45:00,proplanta.de,Reunion,-2.34986945169713
2024-01-07 04:45:00,qq.com,China,-1.5005359056806
2024-01-07 04:45:00,qq.com,"Yangtze River, China (General), China",0.341880341880341
2024-01-07 04:45:00,razon.com.mx,"Michoacan, Tabasco, Mexico",-5.29953917050691
2024-01-07 04:45:00,sohu.com,China,6.34920634920635
2024-01-07 04:45:00,sohu.com,"Beijing, Beijing, China",3.24543610547667
2024-01-07 04:45:00,sohu.com,"Fusheng, Sichuan, China",-4.07030527289547
2024-01-07 04:45:00,sohu.com,"Hubei, Guangdong, China",0.11185682326622
2024-01-07 04:45:00,sohu.com,Nigeria,1.28354725787631
2024-01-07 04:45:00,tienphong.vn,"Hanoi, Ha N?I, Vietnam, Republic Of",0.203873598369011
2024-01-07 04:45:00,tienphong.vn,Russian,-2.91479820627803
2024-01-07 04:45:00,tu.no,"Alaska, United States",-2.72727272727273
2024-01-07 04:45:00,tu.no,South Korea,-0.460829493087558
2024-01-07 04:45:00,tusciaweb.eu,Italian,3.22997416020672
2024-01-07 04:45:00,tv3.lt,Switzerland,0.0
2024-01-07 04:45:00,udn.com,"North Sea, Oceans (General), Oceans",4.86486486486486
2024-01-07 04:45:00,wenxuecity.com,United States,3.39622641509434
2024-01-07 04:45:00,wenxuecity.com,Norway,-1.95644149132521
2024-01-07 04:45:00,wenxuecity.com,"Gobi, Qinghai, China",2.19849246231156
2024-01-07 04:45:00,xinhuanet.com,China,5.77617328519856
2024-01-07 04:45:00,yeniasir.com.tr,Turkey,-6.02409638554217
2024-01-07 04:45:00,krjogja.com,"Gunungkidul, Nusa Tenggara Barat, Indonesia",-0.568181818181818
2024-01-07 04:45:00,lavozdegalicia.es,Portuguese,2.92072322670376
2024-01-07 04:45:00,lequotidien.lu,Netherlands,0.348432055749129
2024-01-07 04:45:00,odatv4.com,Germany,-4.41882804995197
2024-01-07 04:45:00,pikiran-rakyat.com,"Lampung, Kalimantan Tengah, Indonesia",0.432900432900433
2024-01-07 04:45:00,pikiran-rakyat.com,Indonesia,1.47058823529412
2024-01-07 04:45:00,pikiran-rakyat.com,"Blang, Aceh, Indonesia",-1.31578947368421
2024-01-07 04:45:00,pogoda.wp.pl,Poland,-0.943396226415094
2024-01-07 04:45:00,prosieben.at,German,1.2987012987013
2024-01-07 04:45:00,ryukyushimpo.jp,Japan,-0.338983050847458
2024-01-07 04:45:00,trieucontim.com,Chinese,5.41516245487365
2024-01-07 04:45:00,wenxuecity.com,Canada,-3.52941176470588
2024-01-07 03:45:00,scmp.com,Hong Kong,-0.42674253200569
2024-01-07 03:45:00,indiatimes.com,"Portland, Oregon, United States",-2.47058823529412
2024-01-07 03:45:00,kfoxtv.com,"El Paso, Texas, United States",8.05555555555556
2024-01-07 03:45:00,idrw.org,India,3.43007915567282
2024-01-07 03:45:00,independantexpress.com,"Cheyenne, Wyoming, United States",3.2890132960112
2024-01-07 03:45:00,dailyjournal.net,Indonesia,-4.2156862745098
2024-01-07 03:45:00,brownpoliticalreview.org,China,-5.91526778577138
2024-01-07 03:45:00,travelerstoday.com,"Ylivieska, Northern Ostrobothnia, Finland",-1.96399345335516
2024-01-07 03:45:00,dailytelegraph.com.au,Antarctica,-3.04506699147381
2024-01-07 03:45:00,news18.com,"Alaska, United States",-1.95360195360195
2024-01-07 03:45:00,wsgw.com,United States,0.595238095238095
2024-01-07 03:45:00,tribuneindia.com,India,0.451467268623024
2024-01-07 03:45:00,tribuneindia.com,India,-1.65745856353591
2024-01-07 03:45:00,1280wnam.com,"Massachusetts, United States",-1.17302052785924
2024-01-07 03:45:00,itechpost.com,"Manhattan, New York, United States",-0.920245398773006
2024-01-07 03:45:00,geelongadvertiser.com.au,Australians,-1.06302201974184
2024-01-07 03:45:00,ksl.com,"Alaska, United States",-2.09302325581395
2024-01-07 03:45:00,spokesman.com,"California, United States",-2.79761904761905
2024-01-07 03:45:00,2cc.net.au,Australia,3.2520325203252
2024-01-07 03:45:00,winnipegfreepress.com,"California, United States",-6.0126582278481
2024-01-07 03:45:00,ctinsider.com,"Californians, United States",-6.57894736842105
2024-01-07 03:45:00,cloverdalereporter.com,New Zealand,1.8705035971223
2024-01-07 03:45:00,pina.com.fj,"Madrid, Madrid, Spain",2.88065843621399
2024-01-07 03:45:00,idrw.org,"Etawah, Uttar Pradesh, India",-0.4149377593361
2024-01-07 03:45:00,bc.ctvnews.ca,Canada,0.0
2024-01-07 03:45:00,bc.ctvnews.ca,Canada,2.42718446601942
2024-01-07 03:45:00,daijiworld.com,Sri Lanka,-3.6036036036036
2024-01-07 03:15:00,jlradio.cn,Han,-0.627254194762427
2024-01-07 03:15:00,china.com,"Wenbin, Liaoning, China",1.3189448441247
2024-01-07 03:15:00,tvheute.at,Kenya,0.0
2024-01-07 03:15:00,antaranews.com,"Riau, Indonesia (General), Indonesia",-4.75059382422803
2024-01-07 03:15:00,pudhari.news,"Sriharikota, Andhra Pradesh, India",1.90325138778747
2024-01-07 03:15:00,hariansinggalang.co.id,"Jakarta, Jakarta Raya, Indonesia",-0.719424460431655
2024-01-07 03:15:00,investing.com,Guatemala,-0.738007380073801
2024-01-07 03:15:00,extra.ec,"Guayaquil, Guayas, Ecuador",-0.39787798408488
2024-01-07 03:15:00,republika.co.id,Japan,-1.32450331125828
2024-01-07 03:15:00,telemax.com.mx,Monaco,-0.525394045534151
2024-01-07 03:15:00,observador.pt,Belgium,3.08764940239044
2024-01-07 03:15:00,etc.se,Israel,-3.21027287319422
2024-01-07 03:15:00,expresszacatecas.com,Guadeloupe,3.92491467576792
2024-01-07 03:15:00,mongabay.co.id,"Stabat, Sumatera Utara, Indonesia",-2.0
2024-01-07 03:15:00,sanremonews.it,"Piave, Veneto, Italy",-3.12944523470839
2024-01-07 03:15:00,7seizh.info,Australia,1.92539109506619
2024-01-07 03:15:00,163.com,Taiwan,3.20733104238259
2024-01-07 03:15:00,163.com,"Beijing, Beijing, China",-3.72970601140851
2024-01-07 03:15:00,163.com,Vietnam,-1.20444718962322
2024-01-07 03:15:00,163.com,China,0.279642058165548
2024-01-07 03:15:00,163.com,"Yangtze River, China (General), China",4.73118279569892
2024-01-07 03:15:00,163.com,China,-1.35231316725979
2024-01-07 03:15:00,24h.com.vn,"Quy Nhon, Tinh Binh Dinh, Vietnam, Republic Of",-0.128534704370181
2024-01-07 03:15:00,agencianova.com,"Corrientes, Corrientes, Argentina",-0.840336134453782
2024-01-07 03:15:00,baomoi.com,Vietnam,-4.95867768595041
2024-01-07 03:15:00,chinapress.com.my,Hong Kong,-0.766283524904214
2024-01-07 03:15:00,danviet.vn,Vietnam,-2.12765957446809
2024-01-07 03:15:00,eastmoney.com,"Ningde, Xizang, China",0.78125
2024-01-07 03:15:00,elpuntavui.cat,Montserrat,-3.35820895522388
2024-01-07 03:15:00,fjsen.com,Chinese,-0.612822124450031
2024-01-07 03:15:00,fjsen.com,China,3.86690647482014
2024-01-07 03:15:00,fjsen.com,Soviet,1.7563117453348
2024-01-07 03:15:00,ifeng.com,"Phoenix, Arizona, United States",5.80736543909349
2024-01-07 03:15:00,ifeng.com,"Ningbo, Zhejiang, China",0.99009900990099
2024-01-07 03:15:00,ifeng.com,"Ningbo, Zhejiang, China",-1.36882129277567
2024-01-07 03:15:00,informador.mx,Mexico,-2.76381909547739
2024-01-07 03:15:00,lajornadasanluis.com.mx,"Recursos Hidraulicos, Baja California, Mexico",4.8
2024-01-07 03:15:00,larepublica.pe,American,-4.81144343302991
2024-01-07 03:15:00,larepublica.pe,El Salvador,1.69902912621359
2024-01-07 03:15:00,mediaindonesia.com,"Huta, Aceh, Indonesia",-3.9647577092511
2024-01-07 03:15:00,mediaindonesia.com,"Serasan, Indonesia (General), Indonesia",-0.33112582781457
2024-01-07 03:15:00,news.dahe.cn,Hong Kong,5.88235294117647
2024-01-07 03:15:00,news.dahe.cn,"Beijing, Beijing, China",3.12868949232586
2024-01-07 03:15:00,news.dahe.cn,"Zhoukou, Henan, China",1.25984251968504
2024-01-07 03:15:00,news.dahe.cn,Chinese,1.36054421768707
2024-01-07 03:15:00,news.dahe.cn,"Jiujiang, Jiangxi, China",-4.67289719626168
2024-01-07 03:15:00,news.dahe.cn,China,6.45933014354067
2024-01-07 03:15:00,ohmynews.com,"Chungnam, South Korea (General), South Korea",-5.13595166163142
2024-01-07 03:15:00,ohmynews.com,"Tokyo, Tokyo, Japan",-2.92887029288703
2024-01-07 03:15:00,pikiran-rakyat.com,"North Sumatra, Sumatera Utara, Indonesia",-2.11640211640212
2024-01-07 03:15:00,qianlong.com,China,5.87557603686636
2024-01-07 03:15:00,qianlong.com,"Tianmu, Zhejiang, China",4.6267087276551
2024-01-07 03:15:00,qianlong.com,"Peking, Beijing, China",2.02020202020202
2024-01-07 03:15:00,radiomundial.com.ve,Iran,-0.537634408602151
2024-01-07 03:15:00,record.com.mx,"Oregon, United States",-2.38907849829352
2024-01-07 03:15:00,soha.vn,Chinese,-1.64319248826291
2024-01-07 03:15:00,sohu.com,China,6.34920634920635
2024-01-07 03:15:00,sohu.com,"Gansu, Gansu, China",-0.850340136054421
2024-01-07 03:15:00,sohu.com,"Ussuri River, China (General), China",3.04878048780488
2024-01-07 03:15:00,sohu.com,Nigeria,1.28354725787631
2024-01-07 03:15:00,sohu.com,"Beijing, Beijing, China",3.24543610547667
2024-01-07 03:15:00,theory.gmw.cn,"Zibo, Shandong, China",1.90249702734839
2024-01-07 03:15:00,theory.gmw.cn,China,4.91009681881051
2024-01-07 03:15:00,vetogate.com,Iranian,-10.6796116504854
2024-01-07 03:15:00,vetogate.com,Iraq,-1.40845070422535
2024-01-07 03:15:00,vnmedia.vn,Vietnam,-0.726744186046512
2024-01-07 03:15:00,workercn.cn,China,3.19396051103368
2024-01-07 03:15:00,wxrb.com,"Jilin, Jilin, China",-0.627254194762427
2024-01-07 03:15:00,wxrb.com,"Qidi, Hunan, China",-0.627254194762427
2024-01-07 03:15:00,zsnews.cn,China,2.85367334547662
2024-01-07 03:15:00,zsnews.cn,"Shenzhou, Hebei, China",3.07692307692308
2024-01-07 03:15:00,indiatimes.com,India,0.317460317460318
2024-01-07 03:15:00,sundaynews.co.zw,"Pfupajena, Zimbabwe (General), Zimbabwe",0.242248062015503
2024-01-07 03:15:00,sundaynews.co.zw,"Harare, Mashonaland East, Zimbabwe",-4.11622276029056
2024-01-07 03:15:00,sundaynews.co.zw,Zimbabwe,-0.714285714285714
2024-01-07 03:15:00,thisdaylive.com,Nigeria,0.0695410292072323
2024-01-07 03:15:00,thisdaylive.com,"Enugu, Enugu, Nigeria",-6.05368360936608
2024-01-07 03:15:00,chinadaily.com.cn,Republic Of Korea,-0.0936329588014981
2024-01-07 03:15:00,couriernews.com,"Alaska, United States",-0.668647845468053
2024-01-07 03:15:00,newschannel20.com,Americans,-1.8716577540107
2024-01-07 03:15:00,mysanantonio.com,Americans,-1.78571428571429
2024-01-07 03:15:00,torrentfreak.com,China,-1.39664804469274
2024-01-07 03:15:00,torrentfreak.com,Ukraine,-5.84615384615385
2024-01-07 03:15:00,whdh.com,"Alaska, United States",-2.27765726681128
2024-01-07 03:15:00,timescolonist.com,"California, United States",-2.30849947534103
2024-01-07 03:15:00,103gbfrocks.com,"Illinois, United States",-1.59151193633952
2024-01-07 03:15:00,publicradioeast.org,Ethiopia,-3.1638418079096
2024-01-07 03:15:00,1063thebuzz.com,"Texas, United States",0.932400932400932
2024-01-07 03:15:00,wxlo.com,"Tennessee, United States",-3.62903225806452
2024-01-07 03:15:00,yahoo.com,"Alaska, United States",-2.90909090909091
2024-01-07 03:15:00,yalibnan.com,"Portland, Oregon, United States",-1.31826741996233
2024-01-07 03:15:00,hindustantimes.com,"Mumbai, Maharashtra, India",-3.31491712707182
2024-01-07 03:15:00,malaymail.com,Malaysian,-5.19247985675918
2024-01-07 03:15:00,webwire.com,Greeks,3.24324324324324
2024-01-07 03:15:00,abc7.com,"Embarcadero, California, United States",-6.81044267877412
2024-01-07 03:15:00,exploreseiowa.com,American,-0.598802395209581
2024-01-07 03:15:00,theland.com.au,"Mendooran, New South Wales, Australia",1.34408602150538
2024-01-07 03:15:00,theland.com.au,Japanese,1.34408602150538
2024-01-07 03:15:00,asiaone.com,"Portland, Oregon, United States",-2.11416490486258
2024-01-07 03:15:00,vernonmorningstar.com,"Port Alberni, British Columbia, Canada",1.8705035971223
2024-01-07 03:15:00,kelownacapnews.com,"Port Alberni, British Columbia, Canada",1.8705035971223
2024-01-07 03:15:00,comoxvalleyrecord.com,"Ucluelet, British Columbia, Canada",1.8705035971223
2024-01-07 03:15:00,theprogress.com,"Vancouver, British Columbia, Canada",1.8705035971223
2024-01-07 03:15:00,webwire.com,American,3.75
2024-01-07 03:15:00,tellychakkar.com,Norway,-1.75953079178886
2024-01-07 03:15:00,windsor.ctvnews.ca,"Essex County, Ontario, Canada",-6.29370629370629
2024-01-07 03:30:00,1230wjoi.com,"Zhejiang, Zhejiang, China",2.28310502283105
2024-01-07 03:30:00,163.com,"Hebei, Jilin, China",1.10895481009149
2024-01-07 03:30:00,allafrica.com,United States,2.0979020979021
2024-01-07 03:30:00,alnilin.com,Djibouti,0.792393026941363
2024-01-07 03:30:00,brescia.corriere.it,"Milan, Lombardia, Italy",1.06221547799696
2024-01-07 03:30:00,correiodoestado.com.br,"Tres Poderes, Amazonas, Brazil",-0.193423597678917
2024-01-07 03:30:00,epochtimes.com,"Wang Wei, Anhui, China",-6.04651162790698
2024-01-07 03:30:00,ifeng.com,"Dongguan, Guizhou, China",-2.14899713467049
2024-01-07 03:30:00,ifeng.com,China,-4.06207211319032
2024-01-07 03:30:00,koreatimes.com,Hong Kong,-2.6865671641791
2024-01-07 03:30:00,latribuna.hn,"Namasigue, Choluteca, Honduras",-7.01754385964912
2024-01-07 03:30:00,lequotidien.re,United States,-4.90307867730901
2024-01-07 03:30:00,liputan6.com,Indonesia,0.803212851405622
2024-01-07 03:30:00,segye.com,Venezuela,-5.46075085324232
2024-01-07 03:30:00,shikoku-np.co.jp,America,0.352112676056338
2024-01-07 03:30:00,sina.com.hk,"Liaoning, Liaoning, China",-2.28452751817238
2024-01-07 03:30:00,sina.com.hk,Mongolia,4.0
2024-01-07 03:30:00,sohu.com,Mongolia,-0.850340136054421
2024-01-07 03:30:00,sohu.com,China,3.24543610547667
2024-01-07 03:30:00,sohu.com,"Xining, Qinghai, China",1.28354725787631
2024-01-07 03:30:00,tynews.com.cn,"Toru, Xizang, China",1.11111111111111
2024-01-07 03:30:00,wired.jp,Thailand,-0.209863588667366
2024-01-07 03:30:00,ycwb.com,China,5.67484662576687
2024-01-07 03:30:00,anfturkce.net,"Bostanici, Van, Turkey",-2.58823529411765
2024-01-07 03:30:00,aristeguinoticias.com,"California, United States",-0.967741935483871
2024-01-07 03:30:00,eltiempo.com,"California, United States",-1.75
2024-01-07 03:30:00,es.vietnamplus.vn,Vietnamese,1.0989010989011
2024-01-07 03:30:00,ifeng.com,United States,-3.39966832504146
2024-01-07 03:30:00,ig.com.br,"Alagoas, MaranhãBr, Brazil",1.44578313253012
2024-01-07 03:30:00,laverdad.com.mx,America,-1.91897654584222
2024-01-07 03:30:00,lavoixdusud.com,Indonesia,-3.98277717976319
2024-01-07 03:30:00,legaldaily.com.cn,"Haidian, Beijing, China",-5.17857142857143
2024-01-07 03:30:00,legaldaily.com.cn,India,2.49687890137328
2024-01-07 03:30:00,lequotidien.re,United States,-2.8169014084507
2024-01-07 03:30:00,lhebdodustmaurice.com,United States,-3.98277717976319
2024-01-07 03:30:00,ltn.com.tw,"Taipei, T'ai-Pei, Taiwan",-4.2483660130719
2024-01-07 03:30:00,ltn.com.tw,"Taipei, T'ai-Pei, Taiwan",-4.20711974110032
2024-01-07 03:30:00,mainpost.de,"Abtswind, Bayern, Germany",-0.705467372134039
2024-01-07 03:30:00,milenio.com,"Estado De Mexico, Campeche, Mexico",-4.45544554455446
2024-01-07 03:30:00,newspim.com,Korea,-2.82258064516129
2024-01-07 03:30:00,pagina12.com.ar,Suede,-1.21827411167513
2024-01-07 03:30:00,pikiran-rakyat.com,"Depok, Jawa Barat, Indonesia",-9.52380952380952
2024-01-07 03:30:00,segye.com,India,-4.0084388185654
2024-01-07 03:30:00,setn.com,Germany,3.65853658536585
2024-01-07 03:30:00,setn.com,"Taipei, T'ai-Pei, Taiwan",-1.65016501650165
2024-01-07 03:30:00,sohu.com,China,6.34920634920635
2024-01-07 03:30:00,periodicocentral.mx,Denmark,0.542005420054201
2024-01-07 03:30:00,moneycontrol.com,"Canara, Karnataka, India",-4.9618320610687
2024-01-07 03:30:00,theweek.in,"Gaza, Israel (General), Israel",-0.854700854700855
2024-01-07 03:30:00,wvnews.com,"Harrison County, West Virginia, United States",-1.17994100294985
2024-01-07 03:30:00,newsday.co.tt,Trinidad,-0.856793145654835
2024-01-07 03:30:00,pakobserver.net,"Yerkoy, Mardin, Turkey",1.25
2024-01-07 03:30:00,udayavani.com,"Bengaluru, Karnataka, India",-0.99502487562189
2024-01-07 03:30:00,newsday.co.tt,Dutch,-3.11004784688995
2024-01-07 03:30:00,funkytaurusmedia.com,"San Francisco, California, United States",0.874845615479622
2024-01-07 03:30:00,go.com,Palestinian,-0.696864111498257
2024-01-07 03:30:00,tdn.com,Indonesia,-4.19921875
2024-01-07 03:30:00,wfmz.com,"Oregon, United States",-2.30010952902519
2024-01-07 03:30:00,newspressnow.com,"Florida, United States",-2.30010952902519
2024-01-07 03:30:00,tdn.com,"California, United States",-2.27765726681128
2024-01-07 03:30:00,dallasweekly.com,"Cameron Parish, Louisiana, United States",-0.98314606741573
2024-01-07 03:30:00,menafn.com,"Washington, Washington, United States",0.666666666666667
2024-01-07 03:30:00,nation.africa,"Kiambu, Central, Kenya",0.145348837209302
2024-01-07 03:30:00,nation.africa,Nigeria,0.250312891113892
2024-01-07 03:30:00,houstonpublicmedia.org,India,-2.55754475703325
2024-01-07 03:30:00,coastfm.co.uk,"Nottingham, Nottingham, United Kingdom",-4.82142857142857
2024-01-07 03:30:00,mix103.com,"Tennessee, United States",-3.62903225806452
2024-01-07 03:30:00,khmertimeskh.com,Cambodian,-5.04201680672269
2024-01-07 03:30:00,manningrivertimes.com.au,"Cundletown, New South Wales, Australia",5.34521158129176
2024-01-07 03:30:00,amazingmadison.com,"California, United States",-0.598802395209581
2024-01-07 03:30:00,businesspost.ie,Ireland,-5.55555555555556
2024-01-07 03:30:00,hendersonvillelightning.com,"Henderson County, North Carolina, United States",6.6213921901528
2024-01-07 03:30:00,english.news.cn,"Jorge Chavez, Cajamarca, Peru",-3.41463414634146
2024-01-07 03:30:00,moneyweb.co.za,Malawi,0.200601805416249
2024-01-07 03:30:00,newsday.co.tt,Spain,-0.921052631578948
2024-01-07 03:30:00,menafn.com,India,6.75675675675676
2024-01-07 03:00:00,derwesten.de,Reunion,-0.512820512820513
2024-01-07 03:00:00,derwesten.de,Philippines,3.69127516778524
2024-01-07 03:00:00,banksnews.gr,"California, United States",-1.68453292496172
2024-01-07 03:00:00,armenews.com,Armenian,10.2272727272727
2024-01-07 03:00:00,santemagazine.fr,"Virginia, United States",-1.14519427402863
2024-01-07 03:00:00,dainiktribuneonline.com,"Ludhiana, Punjab, India",-5.22388059701492
2024-01-07 03:00:00,indiatimes.com,"Virar, Maharashtra, India",-0.418410041841004
2024-01-07 03:00:00,kompas.com,"Rawas, Indonesia (General), Indonesia",-7.93650793650794
2024-01-07 03:00:00,lokmat.com,"Mumbai, Maharashtra, India",-4.15094339622642
2024-01-07 03:00:00,lokmat.com,"Ohio, United States",0.3690036900369
2024-01-07 03:00:00,saamana.com,India,-2.27272727272727
2024-01-07 03:00:00,saamana.com,"Bangalore, Karnataka, India",-5.9040590405904
2024-01-07 03:00:00,utusan.com.my,Philippines,-5.625
2024-01-07 03:00:00,ratopati.com,"Pokhara, Nepal (General), Nepal",-1.75131348511384
2024-01-07 03:00:00,mk.ru,Chinese,0.247524752475247
2024-01-07 03:00:00,nsk.rbc.ru,Russia,0.455580865603645
2024-01-07 03:00:00,securitylab.ru,Chinese,0.766283524904215
2024-01-07 03:00:00,critica.com.pa,American,-1.81818181818182
2024-01-07 03:00:00,elbuho.pe,French,0.636942675159236
2024-01-07 03:00:00,elcordillerano.com.ar,Suede,-3.75
2024-01-07 03:00:00,hidrocalidodigital.com,"California, United States",-0.955414012738854
2024-01-07 03:00:00,lopezdoriga.com,"Juarez, MéCo, Mexico",-2.88184438040346
2024-01-07 03:00:00,lopezdoriga.com,Paraguay,-2.84679089026915
2024-01-07 03:00:00,lopezdoriga.com,"California, United States",-0.619195046439628
2024-01-07 03:00:00,zeri.info,Kosovo,0.0
2024-01-07 03:00:00,dinamalar.com,"Surat, Gujarat, India",-0.114155251141553
2024-01-07 03:00:00,thairath.co.th,"Bangkok, Krung Thep Mahanakhon, Thailand",-0.87431693989071
2024-01-07 03:00:00,tgrthaber.com.tr,"Istanbul, Istanbul, Turkey",2.23048327137546
2024-01-07 03:00:00,163.com,"Songjiang, Jilin, China",-0.0504795557799089
2024-01-07 03:00:00,cnyes.com,Finland,3.6144578313253
2024-01-07 03:00:00,fjsen.com,"Fuzhou, Fujian, China",-0.424628450106157
2024-01-07 03:00:00,fjsen.com,Vietnam,4.79616306954436
2024-01-07 03:00:00,online.sh.cn,Singapore,-3.37423312883436
2024-01-07 03:00:00,online.sh.cn,China,-2.29621125143513
2024-01-07 03:00:00,online.sh.cn,"Shanghai, Shanghai, China",-4.30839002267574
2024-01-07 03:00:00,online.sh.cn,"Jingan, Fujian, China",2.60545905707196
2024-01-07 03:00:00,people.com.cn,"Wanning, Hainan, China",1.04633781763827
2024-01-07 03:00:00,people.com.cn,"Fusheng, Sichuan, China",-0.626959247648903
2024-01-07 03:00:00,people.com.cn,China,-0.0777000777000776
2024-01-07 03:00:00,people.com.cn,"Chongzuo, Guangxi, China",3.1210986267166
2024-01-07 03:00:00,people.com.cn,"Shanxi, Fujian, China",3.31103678929766
2024-01-07 03:00:00,people.com.cn,"Nanping, Henan, China",-3.21151716500554
2024-01-07 03:00:00,renminbao.com,Turks,1.65413533834586
2024-01-07 03:00:00,sjzdaily.com.cn,"Luquan, Beijing, China",5.74712643678161
2024-01-07 03:00:00,sjzdaily.com.cn,"Liaoyang, Liaoning, China",-0.626959247648903
2024-01-07 03:00:00,sjzdaily.com.cn,"Zhaoxian, Zhejiang, China",4.0
2024-01-07 03:00:00,sjzdaily.com.cn,China,3.99002493765586
2024-01-07 03:00:00,sjzdaily.com.cn,"Hebei, Jilin, China",-1.52671755725191
2024-01-07 03:00:00,sjzdaily.com.cn,Indonesia,3.12868949232586
2024-01-07 03:00:00,sjzdaily.com.cn,"Langfang, Hebei, China",1.40350877192982
2024-01-07 03:00:00,sjzdaily.com.cn,China,6.45933014354067
2024-01-07 03:00:00,sjzdaily.com.cn,"Beijing, Beijing, China",12.5838926174497
2024-01-07 03:00:00,sohu.com,China,6.34920634920635
2024-01-07 03:00:00,sohu.com,Nigeria,1.28354725787631
2024-01-07 03:00:00,sohu.com,"Wenbin, Liaoning, China",-0.850340136054421
2024-01-07 03:00:00,sohu.com,"Guandu, Anhui, China",3.24543610547667
2024-01-07 03:00:00,voc.com.cn,"Dongsheng, Jilin, China",-0.657071339173967
2024-01-07 03:00:00,xinhuanet.com,"Guizhou, Hubei, China",3.28947368421053
2024-01-07 03:00:00,xinhuanet.com,"Wuhan, Hubei, China",4.0582726326743
2024-01-07 03:00:00,zol.com.cn,"Guan Cun, Guangdong, China",0.958466453674121
2024-01-07 02:15:00,indiatimes.com,India,1.75953079178886
2024-01-07 02:15:00,focus.de,"Wunsiedel, Bayern, Germany",-9.43396226415094
2024-01-07 02:15:00,speedweek.com,Germany,-1.79487179487179
2024-01-07 02:15:00,patrasevents.gr,Salvador,-3.46534653465347
2024-01-07 02:15:00,burkina24.com,"Ouagadougou, Kadiogo, Burkina Faso",2.93159609120521
2024-01-07 02:15:00,crtv.cm,Cameroon,8.28025477707006
2024-01-07 02:15:00,crtv.cm,Nigeria,4.28211586901763
2024-01-07 02:15:00,tvanouvelles.ca,"Quebec, Quebec, Canada",-3.35051546391753
2024-01-07 02:15:00,tvanouvelles.ca,"Sherbrooke, Quebec, Canada",0.0
2024-01-07 02:15:00,pikiran-rakyat.com,"Jambi, Jambi, Indonesia",-1.26050420168067
2024-01-07 02:15:00,republika.co.id,"Terbanggi, Lampung, Indonesia",-1.98237885462555
2024-01-07 02:15:00,manfredonianews.it,"Bari, Puglia, Italy",2.08333333333333
2024-01-07 02:15:00,targatocn.it,Italy,-3.12944523470839
2024-01-07 02:15:00,mainichi.jp,"Uomachi, Japan (General), Japan",-2.49609984399376
2024-01-07 02:15:00,heraldcorp.com,America,4.37375745526839
2024-01-07 02:15:00,heraldcorp.com,"Tokyo, Tokyo, Japan",3.38983050847458
2024-01-07 02:15:00,heraldcorp.com,"Washington, Washington, United States",-2.64900662251656
2024-01-07 02:15:00,kmib.co.kr,United States,0.209424083769634
2024-01-07 02:15:00,nate.com,Japan,-1.25874125874126
2024-01-07 02:15:00,regnum.ru,United Kingdom,-2.23463687150838
2024-01-07 02:15:00,rosbalt.ru,Russia,-1.12359550561798
2024-01-07 02:15:00,canarias7.es,"Canary Islands, Spain (General), Spain",0.0
2024-01-07 02:15:00,correodelcaroni.com,Suede,0.0
2024-01-07 02:15:00,diariosur.es,United Kingdom,-4.25531914893617
2024-01-07 02:15:00,eluniverso.com,American,-0.732600732600733
2024-01-07 02:15:00,eluniverso.com,"Guayaquil, Guayas, Ecuador",1.31147540983607
2024-01-07 02:15:00,eluniverso.com,Honduras,-1.52671755725191
2024-01-07 02:15:00,meganoticias.mx,Mexico,-2.27272727272727
2024-01-07 02:15:00,notiactual.com,Venezuela,-2.31884057971015
2024-01-07 02:15:00,uniradioinforma.com,"California, United States",0.0
2024-01-07 02:15:00,uniradioinforma.com,"California, United States",0.689655172413793
2024-01-07 02:15:00,iha.com.tr,"Damascus, Dimashq, Syria",-5.01930501930502
2024-01-07 02:15:00,24h.com.vn,"Hanoi, Ha N?I, Vietnam, Republic Of",-1.23456790123457
2024-01-07 02:15:00,baomoi.com,Vietnam,-3.10492505353319
2024-01-07 02:15:00,doisongphapluat.com,"Hanoi, Ha N?I, Vietnam, Republic Of",1.90735694822888
2024-01-07 02:15:00,eva.vn,Vietnam,-2.76981852913085
2024-01-07 02:15:00,163.com,China,6.68202764976959
2024-01-07 02:15:00,aweb.com.cn,"Nongbo, Xizang, China",-2.78293135435993
2024-01-07 02:15:00,hljtv.com,Mongolia,-0.626664577784741
2024-01-07 02:15:00,ifeng.com,United Kingdom,1.54127481713689
2024-01-07 02:15:00,jrj.com.cn,China,-1.14503816793893
2024-01-07 02:15:00,jrj.com.cn,China,-5.4421768707483
2024-01-07 02:15:00,jrj.com.cn,"Qingdao, Shandong, China",0.780234070221066
2024-01-07 02:15:00,jrj.com.cn,"Guangxi, Guangxi, China",0.21978021978022
2024-01-07 02:15:00,qianlong.com,China,3.09523809523809
2024-01-07 02:15:00,qianlong.com,China,6.37254901960784
2024-01-07 02:15:00,stcn.com,"Datang, Anhui, China",-3.10296191819464
2024-01-07 02:15:00,stcn.com,"Sun Ying, Jiangsu, China",-4.96402877697842
2024-01-07 02:15:00,stcn.com,"Suzhou, Jiangsu, China",-1.02669404517454
2024-01-07 02:15:00,stdaily.com,China,0.462160600808781
2024-01-07 02:15:00,xxrb.com.cn,"Sun Ying, Jiangsu, China",-0.642431839548731
2024-01-07 02:15:00,ycwb.com,Macau,-0.627057532528609
2024-01-07 02:15:00,ycwb.com,China,6.50602409638554
2024-01-07 02:15:00,ycwb.com,"Guangdong, Jilin, China",3.12868949232586
2024-01-07 02:15:00,ycwb.com,"Xinjiang, Jiangxi, China",4.2
2024-01-07 02:45:00,flightglobal.com,"Alaska, United States",-3.89937106918239
2024-01-07 02:45:00,flightglobal.com,"Alaska, United States",-2.28571428571429
2024-01-07 02:45:00,fijivillage.com,"Oregon, United States",-1.86915887850467
2024-01-07 02:45:00,ctvnews.ca,"Port Of Portland, Oregon, United States",-2.41102181400689
2024-01-07 02:45:00,tri-cityherald.com,"Alaska, United States",-0.650759219088937
2024-01-07 02:45:00,nbcconnecticut.com,United States,-4.09356725146199
2024-01-07 02:45:00,nbcphiladelphia.com,United States,-4.08958130477118
2024-01-07 02:45:00,nbcsandiego.com,"San Diego, California, United States",-4.17881438289602
2024-01-07 02:45:00,straitstimes.com,"California, United States",0.207900207900208
2024-01-07 02:45:00,yahoo.com,"California, United States",-1.91938579654511
2024-01-07 02:45:00,themalaysianinsight.com,Malaysia,-5.29801324503311
2024-01-07 02:45:00,dailytelegraph.com.au,Australia,-3.04506699147381
2024-01-07 02:45:00,noodls.com,"Euphrates River, Al Anbar, Iraq",-1.1685552407932
2024-01-07 02:45:00,bernama.com,"Kuching, Sarawak, Malaysia",0.298507462686567
2024-01-07 02:45:00,abcactionnews.com,"Oregon, United States",-1.21951219512195
2024-01-07 02:45:00,koka.am,"California, United States",-0.598802395209581
2024-01-07 02:45:00,kdks.fm,"Alaska, United States",-0.598802395209581
2024-01-07 02:45:00,mycentralnebraska.com,"Portland, Oregon, United States",-0.598802395209581
2024-01-07 02:45:00,wsbtv.com,"Georgia, United States",0.964630225080386
2024-01-07 02:45:00,thisismoney.co.uk,United Kingdom,-3.07101727447217
2024-01-07 02:45:00,trinidadtimes.com,"Saint James, Florida, United States",-3.3423667570009
2024-01-07 02:45:00,businessghana.com,"Anyinam, Ghana (General), Ghana",-1.4760147601476
2024-01-07 02:45:00,businessghana.com,"Konongo, Ghana (General), Ghana",-1.4760147601476
2024-01-07 02:45:00,mankatofreepress.com,Canada,-1.02739726027397
2024-01-07 02:45:00,en.dangcongsan.vn,Lao,6.2124248496994
2024-01-07 02:45:00,qctimes.com,"Indiana, United States",0.232558139534884
2024-01-07 02:45:00,wmtw.com,"New York, United States",0.904977375565611
2024-01-07 02:45:00,wvtm13.com,"New York, United States",0.904977375565611
2024-01-07 02:45:00,twitchy.com,America,-2.72
2024-01-07 02:45:00,voxy.co.nz,New Zealand,-3.2258064516129
2024-01-07 02:45:00,abcactionnews.com,"Portland, Oregon, United States",-2.69413629160063
2024-01-07 02:45:00,y105music.com,"Minnesota, United States",3.40909090909091
2024-01-07 02:45:00,kykz.com,"Tennessee, United States",-3.62903225806452
2024-01-07 02:45:00,995thewolf.com,"Tennessee, United States",-3.62903225806452
2024-01-07 02:45:00,cnet.com,United States,0.0
2024-01-07 02:45:00,cnet.com,Japan,0.0
2024-01-07 02:45:00,wicz.com,"Dubai, Dubayy, United Arab Emirates",-1.60213618157543
2024-01-07 02:45:00,en.ce.cn,"Hainan, Hainan, China",3.50877192982456
2024-01-07 02:45:00,indiatimes.com,"California, United States",-1.71673819742489
2024-01-07 02:45:00,y105music.com,"Iowa, United States",-1.77514792899408
2024-01-07 02:45:00,ktul.com,"Oklahoma, United States",-5.46697038724374
2024-01-07 02:45:00,flightglobal.com,Turkish,-2.54237288135593
2024-01-07 02:45:00,midmichigannow.com,"Washington, Washington, United States",-1.8716577540107
2024-01-07 02:45:00,keprtv.com,"Washington, Washington, United States",-1.8716577540107
2024-01-07 02:45:00,kfdm.com,Americans,-1.8716577540107
2024-01-07 02:45:00,kimatv.com,Americans,-1.8716577540107
2024-01-07 02:45:00,abc7amarillo.com,Americans,-1.8716577540107
2024-01-07 02:45:00,wtov9.com,"Washington, Washington, United States",-1.8716577540107
2024-01-07 02:45:00,ktul.com,Americans,-1.8716577540107
2024-01-07 02:30:00,163.com,Han,-3.01639344262295
2024-01-07 02:30:00,163.com,"Beijing, Beijing, China",0.0
2024-01-07 02:30:00,163.com,"Shekou, Jiangxi, China",-1.23203285420945
2024-01-07 02:30:00,baomoi.com,Chinese,-2.44186046511628
2024-01-07 02:30:00,bd-pratidin.com,"Lalmonirhat, Rangpur, Bangladesh",0.0
2024-01-07 02:30:00,clarin.com,Suede,-5.10416666666667
2024-01-07 02:30:00,cnr.cn,Taiwan,-6.81818181818182
2024-01-07 02:30:00,cnr.cn,"Anhui, Anhui, China",-0.235849056603774
2024-01-07 02:30:00,cnr.cn,"Jinan, Shandong, China",0.671140939597316
2024-01-07 02:30:00,cnr.cn,South Korea,4.45682451253482
2024-01-07 02:30:00,cnr.cn,"Beijing, Beijing, China",12.3355263157895
2024-01-07 02:30:00,dantri.com.vn,"Hanoi, Ha N?I, Vietnam, Republic Of",-3.94448502556611
2024-01-07 02:30:00,edu.cnr.cn,"Ping Lin, Guangdong, China",2.76399716513111
2024-01-07 02:30:00,edu.cnr.cn,"Ping Lin, Guangdong, China",2.76399716513111
2024-01-07 02:30:00,eldiariodechihuahua.mx,Ukraine,-4.28571428571429
2024-01-07 02:30:00,elmanana.com.mx,"Monterrey, Nuevo LeóX, Mexico",1.98675496688742
2024-01-07 02:30:00,etoday.co.kr,"Incheon, Inch'on-Gwangyoksi, South Korea",3.33333333333333
2024-01-07 02:30:00,excite.co.jp,"Osaka, Osaka, Japan",2.20588235294118
2024-01-07 02:30:00,fjsen.com,"Quanzhou, Fujian, China",6.98602794411178
2024-01-07 02:30:00,fjsen.com,"Shanghai, Shanghai, China",4.60385438972163
2024-01-07 02:30:00,fznews.com.cn,Czech Republic,3.75302663438257
2024-01-07 02:30:00,fznews.com.cn,"Fuzhou, Fujian, China",3.03738317757009
2024-01-07 02:30:00,fznews.com.cn,"Fujian, Fujian, China",-0.483870967741935
2024-01-07 02:30:00,fznews.com.cn,"Fuzhou, Fujian, China",-5.0
2024-01-07 02:30:00,health.cnr.cn,Nigeria,-10.3448275862069
2024-01-07 02:30:00,impulsobaires.com.ar,"Huanuco, Huanuco, Peru",-1.53452685421995
2024-01-07 02:30:00,kavkaz-uzel.eu,"Astrakhan, Astrakhanskaya Oblast', Russia",-2.61194029850746
2024-01-07 02:30:00,korrespondent.net,Ukrainians,0.0
2024-01-07 02:30:00,liputan6.com,United States,-3.3033033033033
2024-01-07 02:30:00,liputan6.com,"Banyuwangi, Jawa Timur, Indonesia",-5.02092050209205
2024-01-07 02:30:00,lv12.com.ar,"Saint Cross, Suffolk, United Kingdom",-2.82637954239569
2024-01-07 02:30:00,news.cnr.cn,Macau,-4.90974729241877
2024-01-07 02:30:00,nm.cnr.cn,China,3.63636363636364
2024-01-07 02:30:00,nmgnews.com.cn,"Fusheng, Sichuan, China",-0.626762770291445
2024-01-07 02:30:00,nmgnews.com.cn,"Wenxiang, Liaoning, China",3.92156862745098
2024-01-07 02:30:00,nmgnews.com.cn,Polish,4.82093663911846
2024-01-07 02:30:00,omnia.com.mx,"Sinaloa, Tabasco, Mexico",-6.76328502415459
2024-01-07 02:30:00,omnia.com.mx,"Ciudad Juarez, MéCo, Mexico",-0.906344410876133
2024-01-07 02:30:00,palestinechronicle.com,"Jerusalem, Israel (General), Israel",-7.78378378378378
2024-01-07 02:30:00,pikiran-rakyat.com,"Yogyakarta, Yogyakarta, Indonesia",0.0
2024-01-07 02:30:00,pikiran-rakyat.com,"Pidie, Aceh, Indonesia",-0.684931506849315
2024-01-07 02:30:00,pikiran-rakyat.com,Indonesia,6.30630630630631
2024-01-07 02:30:00,qq.com,China,6.41330166270784
2024-01-07 02:30:00,qq.com,"Zhejiang, Zhejiang, China",3.24963072378139
2024-01-07 02:30:00,qq.com,"Qidi, Hunan, China",-0.627057532528609
2024-01-07 02:30:00,revistaforum.com.br,"Sao Luis, MaranhãBr, Brazil",-0.284900284900285
2024-01-07 02:30:00,ridus.ru,Russian Federation,-0.961538461538462
2024-01-07 02:30:00,sakshi.com,"Hyderabad, Andhra Pradesh, India",0.708215297450425
2024-01-07 02:30:00,sohu.com,"Gansu, Gansu, China",-0.850340136054421
2024-01-07 02:30:00,sohu.com,China,6.34920634920635
2024-01-07 02:30:00,sohu.com,China,3.24543610547667
2024-01-07 02:30:00,sohu.com,"Xining, Qinghai, China",1.28354725787631
2024-01-07 02:30:00,tintuc.vn,Vietnam,-0.997150997150997
2024-01-07 02:30:00,travel.cnr.cn,Italy,-0.304083405734144
2024-01-07 02:30:00,udn.com,Bangladesh,-5.54216867469879
2024-01-07 02:30:00,vov.vn,Vietnam,3.33333333333333
2024-01-07 02:30:00,zocalo.com.mx,Mexico,-0.895522388059702
2024-01-07 02:30:00,zocalo.com.mx,"Saltillo, Coahuila De Zaragoza, Mexico",-2.7027027027027
2024-01-07 02:30:00,auto.cnr.cn,"Beijing, Beijing, China",-0.54005400540054
2024-01-07 02:30:00,baomoi.com,Chinese,-3.15789473684211
2024-01-07 02:30:00,cnr.cn,"Hunan, Jiangsu, China",6.62650602409639
2024-01-07 02:30:00,fm93.com,Japanese,3.3256880733945
2024-01-07 02:30:00,ig.com.br,Brazil,0.56980056980057
2024-01-07 02:30:00,lapagina.com.sv,"La Paz, La Paz, Bolivia",0.900900900900901
2024-01-07 02:30:00,leral.net,"Casamance, Senegal (General), Senegal",4.6218487394958
2024-01-07 02:30:00,pikiran-rakyat.com,"Yogyakarta, Yogyakarta, Indonesia",-1.93548387096774
2024-01-07 02:30:00,ridus.ru,Russia,-2.73972602739726
2024-01-07 02:30:00,saltenposten.no,Norway,-0.387596899224806
2024-01-07 02:30:00,tekno.tempo.co,"Serasan, Indonesia (General), Indonesia",0.0
2024-01-07 02:30:00,tekno.tempo.co,"Nusa Tenggara, Indonesia (General), Indonesia",-2.62172284644195
2024-01-07 03:00:00,koreatimes.co.kr,"Seoul, Soul-T'ukpyolsi, South Korea",-2.98210735586481
2024-01-07 03:00:00,timesnownews.com,"Canara, Karnataka, India",-4.0
2024-01-07 03:00:00,kdminer.com,Saudi,-0.354191263282172
2024-01-07 03:00:00,abcnews4.com,"Georgia, United States",-0.31055900621118
2024-01-07 03:00:00,sentinelandenterprise.com,American,2.3489932885906
2024-01-07 03:00:00,abcnews4.com,"Washington, Washington, United States",-1.8716577540107
2024-01-07 03:00:00,dailypioneer.com,"Babarpur, Haryana, India",-0.684931506849315
2024-01-07 03:00:00,dailypioneer.com,India,-3.28697850821745
2024-01-07 03:00:00,lamarledger.com,"Nevada, United States",-0.139470013947002
2024-01-07 03:00:00,heraldonline.com,America,-2.9585798816568
2024-01-07 03:00:00,wnep.com,"Oregon, United States",-2.25872689938398
2024-01-07 03:00:00,sky.com,United Kingdom,-0.553505535055351
2024-01-07 03:00:00,sky.com,"River Thames, United Kingdom (General), United Kingdom",-4.68164794007491
2024-01-07 03:00:00,perezhilton.com,America,-6.37958532695375
2024-01-07 03:00:00,theglobeandmail.com,"New York, United States",-2.36686390532544
2024-01-07 03:00:00,inquirer.net,"Manhattan, New York, United States",-2.4904214559387
2024-01-07 03:00:00,heraldsun.com.au,Australia,-3.04506699147381
2024-01-07 03:00:00,dailymail.co.uk,Turk,-2.18408736349454
2024-01-07 03:00:00,thyblackman.com,Americans,-4.79166666666667
2024-01-07 03:00:00,wlevradio.com,"Tennessee, United States",-3.62903225806452
2024-01-07 03:00:00,wden.com,"Tennessee, United States",-3.62903225806452
2024-01-07 03:00:00,stgeorgeutah.com,"Utahn, Utah, United States",-3.05131761442441
2024-01-07 03:00:00,cbsnews.com,"Californians, United States",-2.72727272727273
2024-01-07 03:00:00,areanews.com.au,"Riverina, Western Australia, Australia",-5.88235294117647
2024-01-07 03:00:00,areanews.com.au,Australian,-5.88235294117647
2024-01-07 03:00:00,areanews.com.au,"Darlington Point, New South Wales, Australia",-5.88235294117647
2024-01-07 03:00:00,einnews.com,"Lisbon, Lisboa, Portugal",1.92678227360308
2024-01-07 03:00:00,98rocks.fm,"Portland, Oregon, United States",-0.598802395209581
2024-01-07 03:00:00,yourfortdodge.com,"Alaska, United States",-0.598802395209581
2024-01-07 03:00:00,myiowainfo.com,"Oregon, United States",-0.598802395209581
2024-01-07 03:00:00,latestly.com,"Abu Dhabi, Abu Z¸Aby, United Arab Emirates",4.76190476190476
2024-01-07 03:00:00,agassizharrisonobserver.com,New Zealand,1.8705035971223
2024-01-07 03:00:00,mapleridgenews.com,"Wellington, New Zealand (General), New Zealand",1.8705035971223
2024-01-07 03:00:00,campbellrivermirror.com,"Vancouver, British Columbia, Canada",1.8705035971223
2024-01-07 03:00:00,peacearchnews.com,"Ucluelet, British Columbia, Canada",1.8705035971223
2024-01-07 03:00:00,airdriecityview.com,Canadian,-1.40485312899106
2024-01-07 03:00:00,dailypioneer.com,"Paris, France (General), France",4.30283224400872
2024-01-07 03:00:00,thepigsite.com,Romania,-2.95566502463054
2024-01-07 03:00:00,979kickfm.com,"Illinois, United States",-7.32484076433121
2024-01-07 02:45:00,81.cn,"Liu Yang, Guangxi, China",0.17905102954342
2024-01-07 02:45:00,allafrica.com,Madagascar,1.59128978224456
2024-01-07 02:45:00,allafrica.com,French,1.75145954962469
2024-01-07 02:45:00,alquds.co.uk,Iran,-1.77777777777778
2024-01-07 02:45:00,alquds.co.uk,United States,-2.39234449760765
2024-01-07 02:45:00,aweb.com.cn,Chinese,-6.98689956331878
2024-01-07 02:45:00,chunichi.co.jp,Japan,0.530503978779841
2024-01-07 02:45:00,dailythanthi.com,Australia,2.35478806907378
2024-01-07 02:45:00,dhakatimes24.com,"Sundalpur, Bangladesh (General), Bangladesh",-4.72972972972973
2024-01-07 02:45:00,diario.mx,"Massachusetts, United States",-4.28571428571429
2024-01-07 02:45:00,elperiodico.cat,Spanish,-4.31985294117647
2024-01-07 02:45:00,ettoday.net,"Long Deng, Guizhou, China",0.295857988165681
2024-01-07 02:45:00,hankyung.com,"Alaska, United States",-1.7921146953405
2024-01-07 02:45:00,ifeng.com,Hong Kong,3.28820116054159
2024-01-07 02:45:00,ifeng.com,"Nanchang, Jiangxi, China",-4.7945205479452
2024-01-07 02:45:00,ifeng.com,"Nanchang, Jiangxi, China",6.63983903420523
2024-01-07 02:45:00,iraqakhbar.com,"Baghdad, Baghdad, Iraq",6.42201834862385
2024-01-07 02:45:00,jang.com.pk,"Dhok, Punjab, Pakistan",0.943396226415095
2024-01-07 02:45:00,jang.com.pk,"Karachi, Sindh, Pakistan",-0.793650793650793
2024-01-07 02:45:00,koran-jakarta.com,"Jambi, Jambi, Indonesia",-2.27272727272727
2024-01-07 02:45:00,news.de,German,-0.779220779220779
2024-01-07 02:45:00,news.youth.cn,"Dongsheng, Jilin, China",-0.626762770291445
2024-01-07 02:45:00,palermo.repubblica.it,"Rome, Lazio, Italy",-3.43137254901961
2024-01-07 02:45:00,sohu.com,Nigeria,1.28354725787631
2024-01-07 02:45:00,sohu.com,Vietnam,3.24543610547667
2024-01-07 02:45:00,sohu.com,"Jilin, Jilin, China",-0.850340136054421
2024-01-07 02:45:00,wenxuecity.com,Vietnam,1.4867617107943
2024-01-07 02:45:00,xinhuanet.com,China,5.73951434878587
2024-01-07 02:45:00,allafrica.com,Mauritius,-4.34412265758092
2024-01-07 02:45:00,arabic.news.cn,"Alaska, United States",1.17647058823529
2024-01-07 02:45:00,arabic.news.cn,"Baghdad, Baghdad, Iraq",-10.752688172043
2024-01-07 02:45:00,aweb.com.cn,"Nongbo, Xizang, China",0.0
2024-01-07 02:45:00,aweb.com.cn,"Nongbo, Xizang, China",-4.76190476190476
2024-01-07 02:45:00,baomoi.com,"Hanoi, Ha N?I, Vietnam, Republic Of",-13.2530120481928
2024-01-07 02:45:00,baotintuc.vn,Cambodia,0.793650793650793
2024-01-07 02:45:00,baovanhoa.vn,"Phoenix, Arizona, United States",9.40959409594096
2024-01-07 02:45:00,bisnis.com,"Jakarta, Jakarta Raya, Indonesia",1.54639175257732
2024-01-07 02:45:00,cnfol.com,China,-4.31654676258993
2024-01-07 02:45:00,cnnindonesia.com,Indonesia,-0.527704485488127
2024-01-07 02:45:00,cnnindonesia.com,"Jakarta, Jakarta Raya, Indonesia",-2.42718446601942
2024-01-07 02:45:00,cnnindonesia.com,Indonesia,1.47492625368732
2024-01-07 02:45:00,diario.mx,"La Libertad, Coahuila De Zaragoza, Mexico",-0.631578947368421
2024-01-07 02:45:00,diario.mx,America,-0.304878048780488
2024-01-07 02:45:00,eluniversal.com.mx,Honduras,-1.05633802816901
2024-01-07 02:45:00,ettoday.net,"North Point, Liaoning, China",-6.65322580645161
2024-01-07 02:45:00,ettoday.net,"Hualien, Hualian Xian, Taiwan",0.711743772241993
2024-01-07 02:45:00,ettoday.net,Taiwan,-3.76884422110553
2024-01-07 02:45:00,ettoday.net,"Taipei, T'ai-Pei, Taiwan",-0.674157303370787
2024-01-07 02:45:00,expreso.com.mx,Suede,0.99009900990099
2024-01-07 02:45:00,hoydiariodelmagdalena.com.co,America,-7.75347912524851
2024-01-07 02:45:00,ifeng.com,"Yuqing, Hubei, China",1.02040816326531
2024-01-07 02:45:00,ifeng.com,China,6.81818181818182
2024-01-07 02:45:00,ifeng.com,"Phoenix, Arizona, United States",3.39506172839506
2024-01-07 02:45:00,ifeng.com,"Yang Jing, Hunan, China",4.80961923847695
2024-01-07 02:45:00,ifeng.com,"Ganzhou, Jiangxi, China",-4.36746987951807
2024-01-07 02:45:00,jang.com.pk,"Rawalpindi, Punjab, Pakistan",-1.74825174825175
2024-01-07 02:45:00,jznews.com.cn,Vietnam,-5.24233432245302
2024-01-07 02:45:00,jznews.com.cn,"Hubei, Guangdong, China",3.15955766192733
2024-01-07 02:45:00,news.de,German,-0.518134715025908
2024-01-07 02:45:00,news.de,German,-0.52219321148825
2024-01-07 02:45:00,news.de,German,-0.531914893617021
2024-01-07 02:45:00,news.de,German,-1.05820105820106
2024-01-07 02:45:00,news.de,German,-0.530503978779841
2024-01-07 02:45:00,news.de,German,0.257731958762886
2024-01-07 02:45:00,newsway.co.kr,United Kingdom,3.60824742268041
2024-01-07 02:45:00,newsway.co.kr,China,-0.75046904315197
2024-01-07 02:45:00,nhk.or.jp,Japan,0.343642611683849
2024-01-07 02:45:00,ohbulan.com,Singapore,-1.29449838187702
2024-01-07 02:45:00,pikiran-rakyat.com,"Ariadi, Papua, Indonesia",-5.80645161290323
2024-01-07 02:45:00,pikiran-rakyat.com,"Bandung, Jawa Barat, Indonesia",-20.1005025125628
2024-01-07 02:45:00,pudhari.news,"Sriharikota, Andhra Pradesh, India",1.82539682539683
2024-01-07 02:45:00,sohu.com,China,6.34920634920635
2024-01-07 02:45:00,sohu.com,China,3.32225913621262
2024-01-07 02:45:00,sozcu.com.tr,Turkey,-1.20274914089347
2024-01-07 02:45:00,turkiyegazetesi.com.tr,Turkey,-5.66037735849057
2024-01-07 02:45:00,udayavani.com,"Udupi, Karnataka, India",-0.60790273556231
2024-01-07 02:45:00,udn.com,Vietnam,-8.63930885529158
2024-01-07 02:45:00,vienna.at,United Kingdom,-3.49462365591398
2024-01-07 02:45:00,xinhuanet.com,Hong Kong,3.11526479750779
2024-01-07 02:15:00,thenews.com.pk,Pakistan,-2.04081632653061
2024-01-07 02:15:00,4hoteliers.com,"Dubai, Dubayy, United Arab Emirates",3.90428211586902
2024-01-07 02:15:00,chinadaily.com.cn,Italy,-0.0936329588014981
2024-01-07 02:15:00,sunstar.com.ph,"Mandaue City, Mandaue, Philippines",-3.40632603406326
2024-01-07 02:15:00,wach.com,"Orangeburg, South Carolina, United States",-4.01606425702811
2024-01-07 02:15:00,abc3340.com,"Washington, Washington, United States",-1.8716577540107
2024-01-07 02:15:00,nbcmontana.com,Americans,-1.8716577540107
2024-01-07 02:15:00,wach.com,"Washington, Washington, United States",-1.8716577540107
2024-01-07 02:15:00,wgme.com,"Washington, Washington, United States",-1.8716577540107
2024-01-07 02:15:00,wjactv.com,"Washington, Washington, United States",-1.8716577540107
2024-01-07 02:15:00,thewesterlysun.com,"Rhode Island, United States",-1.75438596491228
2024-01-07 02:15:00,tribtown.com,Ethiopian,-4.2156862745098
2024-01-07 02:15:00,clintonherald.com,"Portland, Oregon, United States",-2.30010952902519
2024-01-07 02:15:00,forbes.com,"Florida, United States",1.68776371308017
2024-01-07 02:15:00,wn.com,"Alaska, United States",4.34782608695652
2024-01-07 02:15:00,kesq.com,India,-1.60213618157543
2024-01-07 02:15:00,thecooldown.com,Panama,-1.55038759689922
2024-01-07 02:15:00,aol.com,Indonesia,-2.07667731629393
2024-01-07 02:15:00,slashdot.org,"Houston, Texas, United States",-2.02429149797571
2024-01-07 02:15:00,richlandsource.com,American,4.30851063829787
2024-01-07 02:15:00,heraldsun.com.au,"Canberra, Australian Capital Territory, Australia",-3.04506699147381
2024-01-07 02:15:00,cryptotimes.io,Irish,-1.16731517509728
2024-01-07 02:15:00,bordermail.com.au,Australian,-5.8165548098434
2024-01-07 02:15:00,foxbusiness.com,"Alaska, United States",-1.66666666666667
2024-01-07 02:15:00,richlandsource.com,"New London, Ohio, United States",-5.0
2024-01-07 02:15:00,madrock1025.com,"Portland, Oregon, United States",-0.598802395209581
2024-01-07 02:15:00,startribune.com,"Oregon, United States",-0.696257615317668
2024-01-07 02:15:00,thedailystar.net,Bangladesh,-3.79084967320261
2024-01-07 02:15:00,starweekly.com.au,"Bacchus Marsh, Victoria, Australia",-3.25581395348837
2024-01-07 02:15:00,theepochtimes.com,United States,-2.33918128654971
2024-01-07 02:15:00,newsroompanama.com,Colombia,4.63576158940397
2024-01-07 02:15:00,abbynews.com,New Zealand,1.8705035971223
2024-01-07 02:15:00,winnipegsun.com,Canadians,0.519031141868512
2024-01-07 02:15:00,cowichanvalleycitizen.com,New Zealand,1.8705035971223
2024-01-07 02:15:00,sookenewsmirror.com,"Vancouver, British Columbia, Canada",1.8705035971223
2024-01-07 02:15:00,ominecaexpress.com,"North Island, New Zealand (General), New Zealand",1.8705035971223
2024-01-07 02:15:00,interior-news.com,"Port Alberni, British Columbia, Canada",1.8705035971223
2024-01-07 02:00:00,indiatimes.com,India,-0.245098039215687
2024-01-07 02:00:00,barbadostoday.bb,Barbados,-0.510204081632653
2024-01-07 02:00:00,midutahradio.com,"Oregon, United States",-1.12044817927171
2024-01-07 02:00:00,kpic.com,Americans,-1.8716577540107
2024-01-07 02:00:00,news4sanantonio.com,Americans,-1.8716577540107
2024-01-07 02:00:00,newschannel9.com,Americans,-1.8716577540107
2024-01-07 02:00:00,wcyb.com,"Washington, Washington, United States",-1.8716577540107
2024-01-07 02:00:00,thesunchronicle.com,"Florida, United States",-2.30010952902519
2024-01-07 02:00:00,santafenewmexican.com,"Portland, Oregon, United States",-2.45040840140023
2024-01-07 02:00:00,cleantechnica.com,"Ulstein, MøG Romsdal, Norway",0.867823765020027
2024-01-07 02:00:00,thecherrycreeknews.com,United States,-2.37812128418549
2024-01-07 02:00:00,thenationonlineng.net,"Akure, Ondo, Nigeria",2.62529832935561
2024-01-07 02:00:00,eturbonews.com,"Torremolinos, AndalucíSp, Spain",3.68098159509202
2024-01-07 02:00:00,eturbonews.com,"Chicago, Illinois, United States",0.244648318042814
2024-01-07 02:00:00,radaronline.com,"Alaska, United States",-2.31788079470199
2024-01-07 02:00:00,nytimes.com,Ethiopian,-1.97628458498024
2024-01-07 02:00:00,kxxv.com,"Cairo, Al Qahirah, Egypt",-0.700525394045534
2024-01-07 02:00:00,cbsnews.com,"California, United States",0.520833333333333
2024-01-07 02:00:00,klkl.fm,"Alaska, United States",-0.598802395209581
2024-01-07 02:00:00,hardenexpress.com.au,"Istanbul, Istanbul, Turkey",-5.79710144927536
2024-01-07 02:00:00,myjoyonline.com,"Oregon, United States",-1.67682926829268
2024-01-07 02:00:00,gazette.com,"Boston, Massachusetts, United States",-1.64948453608247
2024-01-07 02:00:00,stripes.com,"Rafah, Shamal Sina', Egypt",-0.603448275862069
2024-01-07 02:00:00,quesnelobserver.com,"Ucluelet, British Columbia, Canada",1.8705035971223
2024-01-07 02:00:00,thefreepress.ca,"Port Alberni, British Columbia, Canada",1.8705035971223
2024-01-07 02:00:00,stalbertgazette.com,"Caribou Mountains, Alberta, Canada",-1.40485312899106
2024-01-07 02:00:00,homenewshere.com,"Massachusetts, United States",-4.62107208872458
2024-01-07 02:00:00,flightglobal.com,American,-1.30718954248366
2024-01-07 02:00:00,onenewspage.com,"Alaska, United States",3.84615384615385
2024-01-07 02:00:00,arabnews.com,Germany,-6.28066732090285
2024-01-07 02:00:00,thestar.com.my,Singapore,-2.52100840336134
2024-01-07 02:00:00,gmatclub.com,United States,-4.56852791878173
2024-01-07 02:30:00,wpbf.com,"New York, United States",0.904977375565611
2024-01-07 02:30:00,ktxs.com,Americans,-1.8716577540107
2024-01-07 02:30:00,santacruzsentinel.com,"Channel Islands National Park, California, United States",0.747508305647841
2024-01-07 02:30:00,yahoo.com,America,-3.15789473684211
2024-01-07 02:30:00,theglobeandmail.com,Germany,-2.97397769516729
2024-01-07 02:30:00,kurv.com,"Gaza, Israel (General), Israel",-0.614574187884108
2024-01-07 02:30:00,yahoo.com,Panama,-2.16216216216216
2024-01-07 02:30:00,dailytelegraph.com.au,"Gippsland, Victoria, Australia",-3.04506699147381
2024-01-07 02:30:00,nashfm1065.com,"Tennessee, United States",-3.62903225806452
2024-01-07 02:30:00,2ca.com.au,"Canberra, Australian Capital Territory, Australia",1.86915887850467
2024-01-07 02:30:00,kvia.com,"New York, United States",-1.67427701674277
2024-01-07 02:30:00,seattletimes.com,"Nevada, United States",-1.48571428571429
2024-01-07 02:30:00,vancouverislandfreedaily.com,New Zealand,1.8705035971223
2024-01-07 02:30:00,caledoniacourier.com,"North Island, New Zealand (General), New Zealand",1.8705035971223
2024-01-07 02:30:00,triblive.com,Indonesia,-4.27010923535253
2024-01-07 02:30:00,edenmagnet.com.au,Ethiopian,-4.57697642163662
2024-01-07 02:30:00,citynews.com.au,"California, United States",-1.03896103896104
2024-01-07 02:30:00,mymoinfo.com,"Alaska, United States",-0.598802395209581
2024-01-07 02:30:00,gowatertown.net,"California, United States",-0.598802395209581
2024-01-07 02:30:00,tdtnews.com,"Florida, United States",-2.30010952902519
2024-01-07 02:30:00,bdtonline.com,"Portland, Oregon, United States",-2.30010952902519
2024-01-07 02:30:00,kurv.com,"Fort Lauderdale, Florida, United States",-1.95865070729053
2024-01-07 02:30:00,2ca.com.au,"Alaskan, United States",-1.65562913907285
2024-01-07 02:30:00,stgeorgeutah.com,"Iron County, Utah, United States",-4.52830188679245
2024-01-07 02:30:00,ottawacitizen.com,"Brockville, Ontario, Canada",-5.03355704697987
2024-01-07 02:30:00,stuff.co.nz,Ireland,0.360793746241732
2024-01-07 02:30:00,devdiscourse.com,"Oregon, United States",-2.33100233100233
2024-01-07 02:30:00,redriverradio.org,India,-3.1638418079096
2024-01-07 02:30:00,livemint.com,"Alaska, United States",-0.530503978779841
2024-01-07 02:30:00,redstate.com,"Portland, Oregon, United States",-1.71526586620926
2024-01-07 02:30:00,sbs.com.au,Australian,-0.915032679738562
2024-01-07 02:30:00,outlookindia.com,"Canara, Karnataka, India",-5.68181818181818
2024-01-07 02:30:00,yahoo.com,"Dallas, Texas, United States",0.967741935483871
2024-01-07 02:00:00,24kurier.pl,Poland,-1.49253731343284
2024-01-07 02:00:00,9tv.co.il,"Samara, Samarskaya Oblast', Russia",-3.35276967930029
2024-01-07 02:00:00,aif.ru,Russia,-0.693481276005548
2024-01-07 02:00:00,alaraby.co.uk,German,-3.06122448979592
2024-01-07 02:00:00,asiatoday.co.kr,United States,-6.48379052369077
2024-01-07 02:00:00,baomoi.com,"Quy Nhon, Tinh Binh Dinh, Vietnam, Republic Of",-0.442477876106195
2024-01-07 02:00:00,dailypakistan.pk,Pakistan,-3.04026294165982
2024-01-07 02:00:00,deutschlandfunk.de,United Kingdom,-3.44827586206897
2024-01-07 02:00:00,elfagr.org,"Giza, Al Jizah, Egypt",5.89970501474926
2024-01-07 02:00:00,elimparcial.com,"California, United States",-4.10958904109589
2024-01-07 02:00:00,ellitoral.com.ar,America,-2.3121387283237
2024-01-07 02:00:00,enikos.gr,United States,1.69286577992745
2024-01-07 02:00:00,gujaratsamachar.com,"Madhya Pradesh, Madhya Pradesh, India",-5.03978779840849
2024-01-07 02:00:00,iltalehti.fi,United Kingdom,0.911854103343465
2024-01-07 02:00:00,indiatimes.com,"Dehradun, Uttaranchal, India",-0.860215053763441
2024-01-07 02:00:00,infranken.de,"Berlin, Berlin, Germany",-6.09202851587816
2024-01-07 02:00:00,infranken.de,Germany,0.918484500574053
2024-01-07 02:00:00,infranken.de,Germany,-0.724287783679382
2024-01-07 02:00:00,jawapos.com,"Jambi, Jambi, Indonesia",-1.74672489082969
2024-01-07 02:00:00,jstv.com,"Beijing, Beijing, China",3.1416716064019
2024-01-07 02:00:00,latimes.com,"California, United States",-2.43055555555556
2024-01-07 02:00:00,latimes.com,"Kerem Shalom, Hadarom, Israel",-2.62582056892779
2024-01-07 02:00:00,lavanguardia.com,Spain,-0.884955752212389
2024-01-07 02:00:00,pudhari.news,India,1.8796992481203
2024-01-07 02:00:00,republika.co.id,"Karangtengah, Jawa Barat, Indonesia",-0.432900432900433
2024-01-07 02:00:00,sohu.com,"Tieling, Liaoning, China",0.625601539942252
2024-01-07 02:00:00,sohu.com,"Guangdong, Jilin, China",3.15560391730142
2024-01-07 02:00:00,sohu.com,"Yingkou, Liaoning, China",-0.850340136054421
2024-01-07 02:00:00,sohu.com,"Beijing, Beijing, China",-0.387430047352561
2024-01-07 02:00:00,sohu.com,"Beijing, Beijing, China",3.24543610547667
2024-01-07 02:00:00,sohu.com,"Tokyo, Tokyo, Japan",4.53686200378072
2024-01-07 02:00:00,sohu.com,"Tibet, Xizang, China",1.28354725787631
2024-01-07 02:00:00,sohu.com,China,6.34920634920635
2024-01-07 02:00:00,teletica.com,"California, United States",-2.02140309155767
2024-01-07 02:00:00,thanhnien.vn,"Kien My, Tinh Binh Dinh, Vietnam, Republic Of",2.84857571214393
2024-01-07 02:00:00,thanhnien.vn,Chile,-6.22641509433962
2024-01-07 02:00:00,wenweipo.com,"Shenzhen, Guangdong, China",-0.58343057176196
2024-01-07 02:00:00,xinhuanet.com,"Lanzhou, Gansu, China",2.06971677559913
2024-01-07 02:00:00,xinhuanet.com,"Baofeng, Henan, China",2.3156089193825
2024-01-07 02:00:00,yna.co.kr,India,-2.77777777777778
2024-01-07 02:00:00,yna.co.kr,"Jeju, Cheju-Do, South Korea",5.55555555555556
2024-01-07 02:00:00,allafrica.com,"Brazzaville, Brazzaville, Congo",0.37037037037037
2024-01-07 02:00:00,aweb.com.cn,"Nongbo, Xizang, China",-2.12355212355212
2024-01-07 02:00:00,in.gr,Greece,-0.91743119266055
2024-01-07 02:00:00,jpnn.com,"Lampung, Kalimantan Tengah, Indonesia",-1.9047619047619
2024-01-07 02:00:00,jpnn.com,"Jakarta, Jakarta Raya, Indonesia",4.8
2024-01-07 02:00:00,jpnn.com,"Pujon, Kalimantan Tengah, Indonesia",-5.14705882352941
2024-01-07 02:00:00,jstv.com,"Hamburg, Hamburg, Germany",-6.85154975530179
2024-01-07 02:00:00,pikiran-rakyat.com,"Batanghari, Lampung, Indonesia",-4.1025641025641
2024-01-07 02:00:00,prabhatkhabar.com,"Gumla, Chhattisgarh, India",-1.8348623853211
2024-01-07 02:00:00,prabhatkhabar.com,"Asansol, West Bengal, India",2.1505376344086
2024-01-07 02:00:00,republika.co.id,"Bogor, Jawa Barat, Indonesia",-2.1551724137931
2024-01-07 01:45:00,pronedra.ru,German,8.34088848594742
2024-01-07 01:45:00,elfagr.org,Egypt,-2.13414634146341
2024-01-07 01:45:00,yangtse.com,"Wenbin, Liaoning, China",-0.624317153113782
2024-01-07 01:45:00,sohu.com,"Gansu, Gansu, China",0.0
2024-01-07 01:45:00,sohu.com,"Zhengzhou, Henan, China",2.1948608137045
2024-01-07 01:45:00,takungpao.com,"California, United States",-3.88802488335925
2024-01-07 01:45:00,sohu.com,China,6.34920634920635
2024-01-07 01:45:00,wenxuecity.com,Colombia,2.00534759358289
2024-01-07 01:45:00,dayoo.com,"Sun Ying, Jiangsu, China",-0.626860993574675
2024-01-07 01:45:00,allafrica.com,Namibia,-3.0
2024-01-07 01:45:00,allafrica.com,"Luanda, Luanda, Angola",1.2987012987013
2024-01-07 01:45:00,allafrica.com,Angola,3.96039603960396
2024-01-07 01:45:00,listindiario.com,American,-1.20481927710843
2024-01-07 01:45:00,nate.com,"Seoul, Soul-T'ukpyolsi, South Korea",-8.16326530612245
2024-01-07 01:45:00,matrix24.gr,"California, United States",-4.33212996389892
2024-01-07 01:45:00,alakhbar.info,"Dakar, Dakar, Senegal",-7.98319327731092
2024-01-07 01:45:00,albiladpress.com,Saudi Arabia,0.879765395894428
2024-01-07 01:45:00,albiladpress.com,Cameroon,-2.4390243902439
2024-01-07 01:45:00,albiladpress.com,United Arab Emirates,-0.964630225080386
2024-01-07 01:45:00,dev.armenpress.am,"Vahan, Geghark'unik', Armenia",2.36220472440945
2024-01-07 01:45:00,dev.armenpress.am,Armenian,3.16901408450704
2024-01-07 01:45:00,dev.armenpress.am,Russian,1.69300225733634
2024-01-07 01:45:00,dev.armenpress.am,"Georgia, United States",-1.8450184501845
2024-01-07 01:45:00,dev.armenpress.am,Armenia,1.02040816326531
2024-01-07 01:45:00,dev.armenpress.am,Armenia,3.08988764044944
2024-01-07 01:45:00,netnoticias.mx,"Estado De Mexico, Campeche, Mexico",2.21550855991944
2024-01-07 01:45:00,pulzo.com,Ecuador,0.301204819277109
2024-01-07 01:45:00,daidoanket.vn,"Hanoi, Ha N?I, Vietnam, Republic Of",5.26315789473684
2024-01-07 01:45:00,elmanana.com.mx,"Adolfo Lopez Mateos, Campeche, Mexico",1.98675496688742
2024-01-07 01:45:00,vietgiaitri.com,Vietnam,-1.17302052785924
2024-01-07 01:45:00,ksta.de,United Kingdom,-3.72340425531915
2024-01-07 01:45:00,solopos.com,"Sumatra, Indonesia (General), Indonesia",-2.99251870324189
2024-01-07 01:45:00,pnp.de,"California, United States",-3.30739299610895
2024-01-07 01:45:00,pnp.de,"California, United States",-3.30739299610895
2024-01-07 01:45:00,beritasatu.com,"Jakarta, Jakarta Raya, Indonesia",-0.790513833992095
2024-01-07 01:45:00,larepublica.pe,American,-4.81144343302991
2024-01-07 01:45:00,cnet.com,Japan,-0.418006430868167
2024-01-07 01:45:00,sohu.com,Chinese,-0.850340136054421
2024-01-07 01:45:00,sohu.com,"Xining, Qinghai, China",1.28354725787631
2024-01-07 01:45:00,sohu.com,China,3.24543610547667
2024-01-07 01:45:00,sohu.com,"Beijing, Beijing, China",-1.49769585253456
2024-01-07 01:45:00,sfgate.com,Palestinian,-2.61437908496732
2024-01-07 01:45:00,harianhaluan.com,"Jakarta, Jakarta Raya, Indonesia",2.28310502283105
2024-01-07 01:45:00,mt.co.kr,Korea,1.01419878296146
2024-01-07 01:45:00,mt.co.kr,"Seoul, Soul-T'ukpyolsi, South Korea",0.967937084089534
2024-01-07 01:45:00,mt.co.kr,"Seoul, Soul-T'ukpyolsi, South Korea",0.967937084089534
2024-01-07 01:45:00,ultimasnoticias.com.ve,"Simon Bolivar, Santa Cruz, Bolivia",2.08333333333333
2024-01-07 01:45:00,elsoldepuebla.com.mx,"Tlaxcala, Tlaxcala, Mexico",2.87769784172662
2024-01-07 01:45:00,estadao.com.br,Brazil,-2.48868778280543
2024-01-07 01:45:00,ilpescara.it,"Pescara, Abruzzo, Italy",6.60592255125285
2024-01-07 01:45:00,jcp.or.jp,"Asahikawa, Hokkaido, Japan",0.62240663900415
2024-01-07 01:45:00,portafolio.co,Colombia,0.831600831600832
2024-01-07 01:45:00,proplanta.de,Germany,-1.88087774294671
2024-01-07 01:45:00,tiemposur.com.ar,Argentine,-0.966183574879227
2024-01-07 01:45:00,allafrica.com,"Namibe, Namibe, Angola",-0.420168067226891
2024-01-07 01:45:00,afriquinfos.com,Benin,-4.75435816164818
2024-01-07 01:45:00,dev.armenpress.am,Armenia,2.97619047619048
2024-01-07 01:45:00,pikiran-rakyat.com,"Tanjungpinang, Kepulauan Riau, Indonesia",0.0
2024-01-07 01:45:00,liputan6.com,Indonesia,-3.04449648711944
2024-01-07 01:45:00,net.hr,"Zagreb, Zagreb, Grad, Croatia",1.77664974619289
2024-01-07 01:45:00,journaldemontreal.com,"Quebec, Quebec, Canada",-3.35051546391753
2024-01-07 01:45:00,saltenposten.no,Norway,-0.387596899224806
2024-01-07 01:45:00,mt.co.kr,Japan,4.11522633744856
2024-01-07 01:45:00,crhoy.com,Japanese,3.58851674641148
2024-01-07 01:45:00,libyaakhbar.com,Libya,3.84615384615385
2024-01-07 01:45:00,sbtn.tv,Vietnam,-1.06007067137809
2024-01-07 01:45:00,wenxuecity.com,United States,3.56234096692112
2024-01-07 04:00:00,indiatimes.com,"Bhopal, Madhya Pradesh, India",2.63157894736842
2024-01-07 04:00:00,indiatimes.com,Nepal,-2.9940119760479
2024-01-07 04:00:00,independent.ie,"Carlow, Carlow, Ireland",-0.448430493273543
2024-01-07 04:00:00,globenewswire.com,"Bissau, Bissau, Guinea-Bissau",2.65625
2024-01-07 04:00:00,koreaherald.com,China,-0.467289719626168
2024-01-07 04:00:00,hardwoodparoxysm.com,Spanish,1.86480186480186
2024-01-07 04:00:00,thestreetjournal.org,Ethiopian,-1.90023752969121
2024-01-07 04:00:00,thestreetjournal.org,China,-1.36612021857923
2024-01-07 04:00:00,thestreetjournal.org,United Kingdom,-1.90641247833622
2024-01-07 04:00:00,punchng.com,Nigerians,-1.74552135966927
2024-01-07 04:00:00,erienewsnow.com,"Portland International Airport, Oregon, United States",-1.21163166397415
2024-01-07 04:00:00,columbian.com,"Alaska, United States",-2.38365493757094
2024-01-07 04:00:00,yahoo.com,"California, United States",-6.22222222222222
2024-01-07 04:00:00,yankton.net,"Californians, United States",-6.22222222222222
2024-01-07 04:00:00,myedmondsnews.com,"Washington, United States",0.299850074962519
2024-01-07 04:00:00,abc17news.com,"Lajpat Nagar, Delhi, India",-1.60427807486631
2024-01-07 04:00:00,wsiltv.com,"Kigali, (Rw09), Rwanda",-1.61073825503356
2024-01-07 04:00:00,erienewsnow.com,"New Delhi, Delhi, India",-1.60427807486631
2024-01-07 04:00:00,oswegocountytoday.com,"Oswego, New York, United States",3.91566265060241
2024-01-07 04:00:00,burnham-on-sea.com,"Burnham, Somerset, United Kingdom",2.60223048327138
2024-01-07 04:00:00,cairnspost.com.au,"Tokyo, Tokyo, Japan",-1.06544901065449
2024-01-07 04:00:00,wsiltv.com,"Texas, United States",1.81564245810056
2024-01-07 04:00:00,abc17news.com,"California, United States",-3.79746835443038
2024-01-07 04:00:00,erienewsnow.com,"Oregon, United States",-3.79746835443038
2024-01-07 04:00:00,ktvb.com,"South Carolina, United States",-6.3265306122449
2024-01-07 04:00:00,manningrivertimes.com.au,"Cundletown, New South Wales, Australia",5.34521158129176
2024-01-07 04:00:00,manningrivertimes.com.au,"Cundletown, New South Wales, Australia",5.34521158129176
2024-01-07 04:00:00,manningrivertimes.com.au,"Cundletown, New South Wales, Australia",5.34521158129176
2024-01-07 04:00:00,nbcmiami.com,Ethiopian,-4.08560311284047
2024-01-07 04:00:00,wlip.com,"Oregon, United States",-0.598802395209581
2024-01-07 04:00:00,dailyadvertiser.com.au,"Riverina, Western Australia, Australia",-0.628930817610063
2024-01-07 04:00:00,dailyadvertiser.com.au,"Deniliquin, New South Wales, Australia",-0.628930817610063
2024-01-07 04:00:00,webindia123.com,"Ujjain, Madhya Pradesh, India",-1.14285714285714
2024-01-07 04:00:00,ctinsider.com,"California, United States",-6.57894736842105
2024-01-07 04:00:00,theirishworld.com,"Blackheath, Coleraine, United Kingdom",1.95076637250348
2024-01-07 04:00:00,calgarysun.com,Canadian,1.48226574907358
2024-01-07 04:00:00,vicnews.com,"Wellington, New Zealand (General), New Zealand",1.8705035971223
2024-01-07 04:00:00,northislandgazette.com,"Ucluelet, British Columbia, Canada",1.8705035971223
2024-01-07 04:00:00,hometownstations.com,"Louisiana, United States",-2.24719101123595
2024-01-07 04:00:00,yahoo.com,Central African Republic,2.41379310344828
2024-01-07 04:15:00,scmp.com,Britain,-1.12359550561798
2024-01-07 04:15:00,chinadaily.com.cn,Republic Of Korea,-0.0936329588014981
2024-01-07 04:15:00,japantimes.co.jp,"Lahore High Court, Punjab, Pakistan",-1.10317975340688
2024-01-07 04:15:00,mynewsla.com,"Glendora, California, United States",-2.47933884297521
2024-01-07 04:15:00,bakersfield.com,"California, United States",-0.532859680284192
2024-01-07 04:15:00,katu.com,"Alaska, United States",-1.25786163522013
2024-01-07 04:15:00,marketscreener.com,"Seoul, Soul-T'ukpyolsi, South Korea",-3.26086956521739
2024-01-07 04:15:00,bobfm.co.uk,"Oregon, United States",-2.29885057471264
2024-01-07 04:15:00,thestatesman.com,"Darjeeling, West Bengal, India",2.40384615384615
2024-01-07 04:15:00,thestatesman.com,"Odisha, Orissa, India",-6.6
2024-01-07 04:15:00,pr-inside.com,"San Diego, California, United States",-2.97029702970297
2024-01-07 04:15:00,thebolditalic.com,Sri Lanka,4.5598480050665
2024-01-07 04:15:00,trinidadexpress.com,United States,6.68016194331984
2024-01-07 04:15:00,mynewsla.com,"Oregon, United States",-1.01757631822387
2024-01-07 04:15:00,abc7.com,"California, United States",-0.979020979020979
2024-01-07 04:15:00,news4jax.com,"California, United States",-6.25
2024-01-07 04:15:00,toronto.citynews.ca,"Californians, United States",-6.14035087719298
2024-01-07 04:15:00,arstechnica.com,"Florida, United States",-0.847457627118644
2024-01-07 04:15:00,geeknewscentral.com,American,-1.39318885448916
2024-01-07 04:15:00,goodmenproject.com,Spanish,1.93836978131213
2024-01-07 04:15:00,keyt.com,Canada,-1.60427807486631
2024-01-07 04:15:00,goodmenproject.com,Americans,0.333889816360601
2024-01-07 04:15:00,sky.com,United Kingdom,-3.20855614973262
2024-01-07 04:15:00,dailytelegraph.com.au,"Deniliquin, New South Wales, Australia",-3.04506699147381
2024-01-07 04:15:00,jewishpress.com,American,-0.382043935052531
2024-01-07 04:15:00,fwi.co.uk,"Aberfield, Wokingham, United Kingdom",2.30125523012552
2024-01-07 04:15:00,fwi.co.uk,New Zealand,0.479233226837061
2024-01-07 04:15:00,jpost.com,"Dubai, Dubayy, United Arab Emirates",-6.23556581986143
2024-01-07 04:15:00,oregonlive.com,"California, United States",-3.16831683168317
2024-01-07 04:15:00,newsbusters.org,"Petersburg, Sankt-Peterburg, Russia",-5.63514804202483
2024-01-07 04:15:00,voanews.com,"Alaska, United States",-2.10304942166141
2024-01-07 04:15:00,startribune.com,"California, United States",-6.25
2024-01-07 04:15:00,dailymirror.lk,"Oregon, United States",-1.74927113702624
2024-01-07 04:15:00,reviewjournal.com,Denmark,-4.10958904109589
2024-01-07 04:15:00,borneobulletin.com.bn,United States,-4.24354243542435
2024-01-07 04:15:00,prokerala.com,"Thoubal, Manipur, India",-5.31914893617021
2024-01-07 04:15:00,scroll.in,"Howrah, West Bengal, India",-1.97368421052632
2024-01-07 04:15:00,timesofsandiego.com,"San Ysidro, California, United States",0.512820512820513
2024-01-07 04:15:00,prokerala.com,"Uttar Pradesh, Uttar Pradesh, India",1.33928571428571
2024-01-07 04:15:00,modernreaders.com,South Korean,1.1744966442953
2024-01-07 04:30:00,indiatimes.com,"Karnataka, Karnataka, India",-2.86343612334802
2024-01-07 04:30:00,hindustantimes.com,"Kanyakumari, Tamil Nadu, India",-2.54847645429363
2024-01-07 04:30:00,indianexpress.com,Gambia,-0.211416490486259
2024-01-07 04:30:00,thehour.com,"Californians, United States",-6.57894736842105
2024-01-07 04:30:00,thestandard.com.hk,"Oregon, United States",-2.37556561085973
2024-01-07 04:30:00,bnnbloomberg.ca,Chinese,-2.25988700564972
2024-01-07 04:30:00,funkytaurusmedia.com,"San Francisco, California, United States",0.874845615479622
2024-01-07 04:30:00,bajanreporter.com,Barbados,8.67768595041322
2024-01-07 04:30:00,einnews.com,Somalia,2.62345679012346
2024-01-07 04:30:00,go.com,Ethiopian,-4.22396856581532
2024-01-07 04:30:00,go.com,"Washington, Washington, United States",-1.85185185185185
2024-01-07 04:30:00,elpais.com,United States,-4.27010923535253
2024-01-07 04:30:00,indianexpress.com,India,-0.229095074455899
2024-01-07 04:30:00,charlotteobserver.com,"Alaska, United States",-0.650759219088937
2024-01-07 04:30:00,heraldsun.com.au,"Deniliquin, New South Wales, Australia",-3.04506699147381
2024-01-07 04:30:00,ndtv.com,"Portland, Oregon, United States",-0.840336134453782
2024-01-07 04:30:00,spokanepublicradio.org,"Idaho Youth Ranch, Idaho, United States",-3.29726944873776
2024-01-07 04:30:00,ctvnews.ca,Canada,0.220264317180617
2024-01-07 04:30:00,parentherald.com,"Idaho, United States",-7.89022298456261
2024-01-07 04:30:00,nbcwashington.com,United States,-4.03846153846154
2024-01-07 04:30:00,myplainview.com,"California, United States",-6.57894736842105
2024-01-07 04:30:00,cranbrooktownsman.com,"Port Alberni, British Columbia, Canada",1.8705035971223
2024-01-07 04:30:00,clearwatertimes.com,New Zealand,1.8705035971223
2024-01-07 04:30:00,go.com,"California, United States",-6.2780269058296
2024-01-07 04:30:00,ocregister.com,"Californians, United States",-6.25
2024-01-07 04:30:00,joplinglobe.com,"California, United States",-6.22222222222222
2024-01-07 04:30:00,mykxlg.com,"California, United States",-6.22222222222222
2024-01-07 04:30:00,clickondetroit.com,"California, United States",-6.25
2024-01-07 04:30:00,chron.com,"Californians, United States",-6.06060606060606
2024-01-07 03:45:00,nos.nl,"Vijfheerenlanden, Zuid-Holland, Netherlands",-2.24458204334365
2024-01-07 03:45:00,nos.nl,"Alaska, United States",-2.04081632653061
2024-01-07 03:45:00,alriyadh.com,United Kingdom,0.91743119266055
2024-01-07 03:45:00,alriyadh.com,Iran,-3.39083878643665
2024-01-07 03:45:00,elaph.com,Albania,-1.37457044673539
2024-01-07 03:45:00,philenews.com,United States,0.0
2024-01-07 03:45:00,philenews.com,"Paralimni, Famagusta, Cyprus",0.961538461538461
2024-01-07 03:45:00,afriquesenlutte.org,"Windhoek, Khomas, Namibia",-3.24074074074074
2024-01-07 03:45:00,nouvelobs.com,Israeli,-4.6186895810956
2024-01-07 03:45:00,antaranews.com,"Santosa, Sumatera Utara, Indonesia",-2.65060240963855
2024-01-07 03:45:00,elshinta.com,"Ranai, Kalimantan Barat, Indonesia",-0.657894736842105
2024-01-07 03:45:00,liputan6.com,"Surabaya, Jawa Timur, Indonesia",-6.91056910569106
2024-01-07 03:45:00,republika.co.id,"Riau, Indonesia (General), Indonesia",-3.66379310344828
2024-01-07 03:45:00,ilmanifesto.it,"Milan, Lombardia, Italy",1.04333868378812
2024-01-07 03:45:00,ilmanifesto.it,"Palermo, Sicilia, Italy",-3.77358490566038
2024-01-07 03:45:00,lavocedivenezia.it,"Oregon, United States",-2.65848670756646
2024-01-07 03:45:00,tax.lt,Polish,1.97628458498024
2024-01-07 03:45:00,tax.lt,"Vilnius, Vilniaus Apskritis, Lithuania",1.33333333333333
2024-01-07 03:45:00,tax.lt,"Upynos, Lithuania (General), Lithuania",1.80722891566265
2024-01-07 03:45:00,boainformacao.com.br,"Sao Paulo, SãPaulo, Brazil",-1.90796857463524
2024-01-07 03:45:00,vestikavkaza.ru,Soviet,1.45530145530146
2024-01-07 03:45:00,24-horas.mx,"California, United States",-3.3195020746888
2024-01-07 03:45:00,caracoltv.com,Colombian,-5.13595166163142
2024-01-07 03:45:00,diariolibre.com,Argentina,-0.769230769230769
2024-01-07 03:45:00,elconfidencial.com,"London, London, City Of, United Kingdom",-1.09489051094891
2024-01-07 03:45:00,elsiglodetorreon.com.mx,"La Esperanza, Guanajuato, Mexico",3.44827586206897
2024-01-07 03:45:00,larazon.pe,Argentine,-4.82456140350877
2024-01-07 03:45:00,larepublica.pe,El Salvador,1.69902912621359
2024-01-07 03:45:00,lasillarota.com,"Tetela Del Rio, Guerrero, Mexico",-4.40565253532835
2024-01-07 03:45:00,lasillarota.com,Mexico,-1.00401606425703
2024-01-07 03:45:00,nacion.com,Bangladesh,0.0
2024-01-07 03:45:00,ntrzacatecas.com,Guadeloupe,2.78637770897833
2024-01-07 03:45:00,ntrzacatecas.com,Ethiopia,-1.12676056338028
2024-01-07 03:45:00,komchadluek.net,"Bangkok, Krung Thep Mahanakhon, Thailand",-1.98675496688742
2024-01-07 03:45:00,wanhaber.com,"Istanbul, Istanbul, Turkey",2.38095238095238
2024-01-07 03:45:00,wanhaber.com,"Ankara, Ankara, Turkey",1.84696569920844
2024-01-07 03:45:00,bug.org.ua,"Volyn, Ukraine (General), Ukraine",-2.60869565217391
2024-01-07 03:45:00,jang.com.pk,"Karachi, Sindh, Pakistan",-0.793650793650793
2024-01-07 03:45:00,baomoi.com,Chinese,-2.97202797202797
2024-01-07 03:45:00,kienthuc.net.vn,Vietnam,3.15789473684211
2024-01-07 03:45:00,stockbiz.vn,Vietnam,-3.44827586206897
2024-01-07 03:45:00,vietnamplus.vn,Cambodia,2.37341772151899
2024-01-07 03:45:00,vtv.vn,Vietnam,2.5974025974026
2024-01-07 03:45:00,chinesepress.com,United States,1.04712041884817
2024-01-07 03:45:00,chinesepress.com,"Shanghai, Shanghai, China",3.10421286031042
2024-01-07 03:45:00,ifeng.com,"Shaanxi, Shaanxi, China",3.35195530726257
2024-01-07 03:45:00,ltn.com.tw,"Houchuwei, Hsin-Pei Shih, Taiwan",-2.78184480234261
2024-01-07 03:45:00,qstheory.cn,"Xinjiang, Jiangxi, China",-5.58798999165972
2024-01-07 03:45:00,qstheory.cn,"Yuxiang, Anhui, China",0.401836969001147
2024-01-07 03:45:00,sina.com.cn,"Zhang Hong, Shaanxi, China",1.70940170940171
2024-01-07 03:45:00,sina.com.cn,"Guangdong, Jilin, China",3.13609467455621
2024-01-07 03:45:00,sina.com.cn,"Wanbei, Jiangxi, China",8.63874345549738
2024-01-07 03:45:00,sohu.com,"Liaoyang, Liaoning, China",-0.850340136054421
2024-01-07 03:45:00,sohu.com,Nigeria,1.28354725787631
2024-01-07 03:45:00,sohu.com,"Guandu, Anhui, China",3.24543610547667
2024-01-07 03:45:00,sohu.com,China,6.34920634920635
2024-01-07 03:45:00,xinhuanet.com,China,5.36451169188446
2024-01-07 04:00:00,163.com,"Beijing, Beijing, China",5.72139303482587
2024-01-07 04:00:00,21xc.com,"Yingkou, Liaoning, China",-0.6265664160401
2024-01-07 04:00:00,akipress.org,"Bishkek, Bishkek, Kyrgyzstan",-6.32411067193676
2024-01-07 04:00:00,am.com.mx,Mexico,-1.12676056338028
2024-01-07 04:00:00,baomoi.com,Vietnam,-3.27272727272727
2024-01-07 04:00:00,chechenews.com,Russian,0.344827586206896
2024-01-07 04:00:00,chibanippo.co.jp,Japan,1.39372822299652
2024-01-07 04:00:00,china.org.cn,Argentina,3.55871886120996
2024-01-07 04:00:00,ckoi.com,Canada,0.879765395894428
2024-01-07 04:00:00,cqnews.net,"Shenzhou, Hebei, China",4.62487153134635
2024-01-07 04:00:00,cqnews.net,Macau,-3.50535540408958
2024-01-07 04:00:00,derwesten.de,Dutch,0.767263427109975
2024-01-07 04:00:00,eldiariomontanes.es,United Kingdom,-4.25531914893617
2024-01-07 04:00:00,elespectador.com,German,0.359066427289048
2024-01-07 04:00:00,emaratalyoum.com,Brazilian,0.0
2024-01-07 04:00:00,enorth.com.cn,"Beichen, Shanxi, China",1.53922542204568
2024-01-07 04:00:00,enorth.com.cn,"Gansu, Gansu, China",-0.62646828504307
2024-01-07 04:00:00,enorth.com.cn,"Vientiane, (La11), Laos",4.6267087276551
2024-01-07 04:00:00,enorth.com.cn,Brazil,1.07816711590296
2024-01-07 04:00:00,enorth.com.cn,"Guangdong, Jilin, China",3.13609467455621
2024-01-07 04:00:00,giadinh.suckhoedoisong.vn,"Song Da, Vietnam (General), Vietnam, Republic Of",-3.79241516966068
2024-01-07 04:00:00,giadinh.suckhoedoisong.vn,Vietnam,-3.16027088036117
2024-01-07 04:00:00,hinews.cn,"South China Sea, Brunei (General), Brunei",3.14502038439138
2024-01-07 04:00:00,hoy.es,American,-4.25531914893617
2024-01-07 04:00:00,huaral.pe,"California, United States",-3.3596837944664
2024-01-07 04:00:00,ifeng.com,"Shenzhen, Guangdong, China",-2.28671943711522
2024-01-07 04:00:00,journaldequebec.com,"Arizona, United States",1.50375939849624
2024-01-07 04:00:00,journaldequebec.com,Israeli,-4.51505016722408
2024-01-07 04:00:00,lapoliticaonline.com,Mexico,2.33236151603499
2024-01-07 04:00:00,lapresse.ca,Jordan,-4.53230472516876
2024-01-07 04:00:00,larazon.es,Rwanda,0.478927203065134
2024-01-07 04:00:00,lexpress.fr,Syria,-4.47488584474886
2024-01-07 04:00:00,libyaakhbar.com,British,-0.568181818181818
2024-01-07 04:00:00,miamidiario.com,Canada,-5.82010582010582
2024-01-07 04:00:00,naidunia.com,"Delhi, Delhi, India",-8.14814814814815
2024-01-07 04:00:00,nongnghiep.vn,Vietnam,3.29985652797704
2024-01-07 04:00:00,nongnghiep.vn,Vietnam,0.451263537906137
2024-01-07 04:00:00,oeeee.com,"Liaoyang, Liaoning, China",-0.626860993574675
2024-01-07 04:00:00,oeeee.com,Austria,6.42857142857143
2024-01-07 04:00:00,pagina12.com.ar,Antarctica,0.333333333333333
2024-01-07 04:00:00,pikiran-rakyat.com,Indonesia,0.74074074074074
2024-01-07 04:00:00,planoinformativo.com,Canada,-1.18694362017804
2024-01-07 04:00:00,qianzhan.com,China,2.10378681626928
2024-01-07 04:00:00,reuters.com,Thailand,-1.19331742243437
2024-01-07 04:00:00,sankei.com,Thailand,0.978473581213307
2024-01-07 04:00:00,sindonews.com,"Jakarta, Jakarta Raya, Indonesia",12.8205128205128
2024-01-07 04:00:00,sindonews.com,"Tangerang, Jawa Barat, Indonesia",-0.284090909090909
2024-01-07 04:00:00,sohu.com,"Xining, Qinghai, China",1.28354725787631
2024-01-07 04:00:00,sohu.com,"Gansu, Gansu, China",-0.850340136054421
2024-01-07 04:00:00,sohu.com,"Guangdong, Jilin, China",3.24543610547667
2024-01-07 04:00:00,sohu.com,China,6.34920634920635
2024-01-07 04:00:00,telemundo51.com,American,-0.760456273764259
2024-01-07 04:00:00,terraeco.net,Japanese,-1.58806544754572
2024-01-07 04:00:00,thanhnien.vn,"Phoenix, Arizona, United States",-1.95771339075959
2024-01-07 04:00:00,valledaostaglocal.it,"Emilia Romagna, Emilia-Romagna, Italy",-3.12944523470839
2024-01-07 04:00:00,viva.co.id,Brazil,0.28328611898017
2024-01-07 04:00:00,viva100.com,United Kingdom,4.67289719626168
2024-01-07 04:00:00,viva100.com,"Tokyo, Tokyo, Japan",8.54700854700855
2024-01-07 04:00:00,viva100.com,Cambodia,5.51724137931035
2024-01-07 04:00:00,viva100.com,Hong Kong,0.276243093922651
2024-01-07 04:00:00,viva100.com,"Seoul, Soul-T'ukpyolsi, South Korea",0.0
2024-01-07 04:00:00,163.com,"Beijing, Beijing, China",-0.541027953110911
2024-01-07 04:00:00,cameroon-tribune.cm,Libyan,0.483091787439613
2024-01-07 04:00:00,ckoi.com,Japanese,3.3256880733945
2024-01-07 04:00:00,eju.tv,"La Paz, La Paz, Bolivia",-1.55844155844156
2024-01-07 04:00:00,emaratalyoum.com,Sweden,-0.704225352112676
2024-01-07 04:00:00,enorth.com.cn,"Tianjin, Tianjin, China",5.71955719557196
2024-01-07 04:00:00,journaldequebec.com,"Quebec, Quebec, Canada",-3.22164948453608
2024-01-07 04:00:00,libyaakhbar.com,"Cairo, Al Qahirah, Egypt",-1.8957345971564
2024-01-07 04:00:00,quadratin.com.mx,"Xajay, Hidalgo, Mexico",1.43884892086331
2024-01-07 04:00:00,sindonews.com,Indonesia,1.36570561456753
2024-01-07 04:00:00,tn.com.ar,Argentina,-3.3096926713948
2024-01-07 04:00:00,viva100.com,"Sacheon, Ch'ungch'ong-Bukto, South Korea",3.78787878787879
2024-01-07 04:00:00,viva100.com,"Namyangju, Kyonggi-Do, South Korea",4.3859649122807
2024-01-28 01:30:00,163.com,"Shenzhen, Guangdong, China",-1.68155543878087
2024-01-28 01:30:00,163.com,"Vienna, Wien, Austria",3.6
2024-01-28 01:30:00,163.com,Chinese,-0.0560852495793607
2024-01-28 01:30:00,canarias7.es,Suede,0.580912863070539
2024-01-28 01:30:00,canarias7.es,Ukraine,-0.80450522928399
2024-01-28 01:30:00,cnwest.com,"Shaanxi, Shaanxi, China",-1.7478813559322
2024-01-28 01:30:00,cnwest.com,"Yongping, Henan, China",3.68550368550369
2024-01-28 01:30:00,diariodocomercio.com.br,Indonesia,0.570776255707762
2024-01-28 01:30:00,ettvamerica.com,Panama,0.495867768595041
2024-01-28 01:30:00,heraldcorp.com,"Seoul, Soul-T'ukpyolsi, South Korea",-1.98019801980198
2024-01-28 01:30:00,huanbohainews.com.cn,"Hebei, Jilin, China",2.47524752475248
2024-01-28 01:30:00,huanbohainews.com.cn,China,2.35988200589971
2024-01-28 01:30:00,lavanguardia.com,Germany,-2.937576499388
